-- phpMyAdmin SQL Dump
-- version 4.5.5.1
-- http://www.phpmyadmin.net
--
-- Host: localhost
-- Generation Time: 23-Maio-2016 às 19:03
-- Versão do servidor: 5.7.11-log
-- PHP Version: 5.6.19

SET SQL_MODE = "NO_AUTO_VALUE_ON_ZERO";
SET time_zone = "+00:00";


/*!40101 SET @OLD_CHARACTER_SET_CLIENT=@@CHARACTER_SET_CLIENT */;
/*!40101 SET @OLD_CHARACTER_SET_RESULTS=@@CHARACTER_SET_RESULTS */;
/*!40101 SET @OLD_COLLATION_CONNECTION=@@COLLATION_CONNECTION */;
/*!40101 SET NAMES utf8mb4 */;

--
-- Database: `iespima`
--

-- --------------------------------------------------------

--
-- Estrutura da tabela `aluno`
--

CREATE TABLE `aluno` (
  `id` int(10) UNSIGNED NOT NULL,
  `alu_tur_id` int(10) UNSIGNED NOT NULL,
  `alu_nome` varchar(255) COLLATE utf8_unicode_ci NOT NULL,
  `alu_cpf` varchar(11) COLLATE utf8_unicode_ci NOT NULL,
  `alu_tel` varchar(16) COLLATE utf8_unicode_ci NOT NULL,
  `created_at` timestamp NULL DEFAULT NULL,
  `updated_at` timestamp NULL DEFAULT NULL
) ENGINE=InnoDB DEFAULT CHARSET=utf8 COLLATE=utf8_unicode_ci;

--
-- Extraindo dados da tabela `aluno`
--

INSERT INTO `aluno` (`id`, `alu_tur_id`, `alu_nome`, `alu_cpf`, `alu_tel`, `created_at`, `updated_at`) VALUES
(1, 1, 'RAWLLISON COSTA PINHEIRO', '05690602302', '', '2016-05-22 21:57:53', '2016-05-22 21:57:53'),
(2, 1, 'TACIZIO BANDEIRA MARTINS', '05521515305', '', '2016-05-22 21:57:53', '2016-05-22 21:57:53'),
(3, 1, 'EVA KAROLLYNNE COUTINHO BANDEIRA', '05691551345', '', '2016-05-22 21:57:53', '2016-05-22 21:57:53'),
(4, 1, 'MARIA SILEIA FERRERA DA SILVA MOTA', '15804483825', '', '2016-05-22 21:57:53', '2016-05-22 21:57:53'),
(5, 1, 'DANIEL MARTINS SOUSA', '60704418347', '', '2016-05-22 21:57:53', '2016-05-22 21:57:53'),
(6, 1, 'LUCIANA BANDEIRA GOMES', '01174612371', '', '2016-05-22 21:57:53', '2016-05-22 21:57:53'),
(7, 1, 'ANA LUCIA ABREU ARAUJO', '01159424322', '', '2016-05-22 21:57:53', '2016-05-22 21:57:53'),
(8, 1, 'RITA DE CASSIA DINIZ DA COSTA', '04620966371', '', '2016-05-22 21:57:53', '2016-05-22 21:57:53'),
(9, 1, 'GEOVA DA SILVA SANTOS', '04849320392', '', '2016-05-22 21:57:53', '2016-05-22 21:57:53'),
(10, 1, 'ELAINE SANTANA DA SILVA', '04247262386', '', '2016-05-22 21:57:53', '2016-05-22 21:57:53'),
(11, 1, 'KAMILA  ALVES RUAS', '05195737304', '', '2016-05-22 21:57:53', '2016-05-22 21:57:53'),
(12, 1, 'DALILA SANTOS PINHEIRO', '05185671335', '', '2016-05-22 21:57:53', '2016-05-22 21:57:53'),
(13, 1, 'CLESIO BRITO FRANCO', '05180176301', '', '2016-05-22 21:57:53', '2016-05-22 21:57:53'),
(14, 1, 'ANA CLAUDIA BARROS DA SILVA ', '03163815359', '', '2016-05-22 21:57:53', '2016-05-22 21:57:53'),
(15, 1, 'FABIANA CARVALHO DE SOUSA', '02983128326', '', '2016-05-22 21:57:53', '2016-05-22 21:57:53'),
(16, 1, 'CARLOS JOSE LIMA DE ARAUJO', '04035788333', '', '2016-05-22 21:57:53', '2016-05-22 21:57:53'),
(17, 1, 'JULIANA BORGES PIRES DINIZ', '04319867386', '', '2016-05-22 21:57:53', '2016-05-22 21:57:53'),
(18, 1, 'PATRICIA SILVA', '01876326344', '', '2016-05-22 21:57:53', '2016-05-22 21:57:53'),
(19, 1, 'RITA DE CASIA DA SILVA', '00048646385', '', '2016-05-22 21:57:54', '2016-05-22 21:57:54'),
(20, 1, 'NATAL DE JESUS MOTA PINHEIRO', '94697671368', '', '2016-05-22 21:57:54', '2016-05-22 21:57:54'),
(21, 1, 'GLAUCIA CIRQUEIRA FARIAS', '96157887320', '', '2016-05-22 21:57:54', '2016-05-22 21:57:54'),
(22, 1, 'ROSALIA DE OLIVEIRA CIRQUEIRA SANTOS', '96511354334', '', '2016-05-22 21:57:54', '2016-05-22 21:57:54'),
(23, 1, 'RAIMUNDO MARTINS ARAUJO', '84407417315', '', '2016-05-22 21:57:54', '2016-05-22 21:57:54'),
(24, 1, 'ROSAGELA MARIA DA COSTA DIAS', '90008844734', '', '2016-05-22 21:57:54', '2016-05-22 21:57:54'),
(25, 1, 'TELMARLEI LIMA SANTOS', '73902845287', '', '2016-05-22 21:57:54', '2016-05-22 21:57:54'),
(26, 1, 'IRES PEREIRA CARVALHO', '00229702317', '', '2016-05-22 21:57:54', '2016-05-22 21:57:54'),
(27, 1, 'EDVANIA MARIA ALVES LIMA', '83038965200', '', '2016-05-22 21:57:54', '2016-05-22 21:57:54'),
(28, 2, 'CECILIA MARIA SILVA CARVALHO', '34526080349', '', '2016-05-22 21:57:54', '2016-05-22 21:57:54'),
(29, 2, 'ROZINETE MORAIS DE CARVALHO', '34333002320', '', '2016-05-22 21:57:54', '2016-05-22 21:57:54'),
(30, 2, 'ROSILENE PEREIRA DO NASCIMENTO', '28849205368', '', '2016-05-22 21:57:54', '2016-05-22 21:57:54'),
(31, 2, 'MARIA APARECIDA N OLIVEIRA', '40212513320', '', '2016-05-22 21:57:54', '2016-05-22 21:57:54'),
(32, 2, 'GERONICE GONCALVES DIAS SILVA ', '66907560259', '', '2016-05-22 21:57:54', '2016-05-22 21:57:54'),
(33, 2, 'MARGILA PEREIRA CAVALCANTE', '64675696368', '', '2016-05-22 21:57:54', '2016-05-22 21:57:54'),
(34, 2, 'ELANA REIS FERREIRA', '64385809372', '', '2016-05-22 21:57:54', '2016-05-22 21:57:54'),
(35, 2, 'ROMENHA AMBROSIO DA SILVA', '64327000353', '', '2016-05-22 21:57:54', '2016-05-22 21:57:54'),
(36, 2, 'DEUVANICE MARIA  AMARAL', '75725606368', '', '2016-05-22 21:57:54', '2016-05-22 21:57:54'),
(37, 2, 'LUIZA MARQUES LOPES', '01667961314', '', '2016-05-22 21:57:54', '2016-05-22 21:57:54'),
(38, 2, 'MARCIA  ARIANA BENEVIDES ALVES', '01919918302', '', '2016-05-22 21:57:54', '2016-05-22 21:57:54'),
(39, 2, 'BETANIA BRITO FERNANDES', '01163603309', '', '2016-05-22 21:57:54', '2016-05-22 21:57:54'),
(40, 2, 'NURYA MARIA OLIVEIRA FONSECA', '03708161378', '', '2016-05-22 21:57:54', '2016-05-22 21:57:54'),
(41, 2, 'REJANE LOPES SANTANA', '33331804304', '', '2016-05-22 21:57:54', '2016-05-22 21:57:54'),
(42, 2, 'SILVANIA LIMA CARVALHO', '61972746391', '', '2016-05-22 21:57:54', '2016-05-22 21:57:54'),
(43, 2, 'MARILENE SOUSA FERREIRA', '48741795334', '', '2016-05-22 21:57:54', '2016-05-22 21:57:54'),
(44, 2, 'EDILANE PEREIRA ROCHA SANTOS', '85467146300', '', '2016-05-22 21:57:54', '2016-05-22 21:57:54'),
(45, 2, 'JULIANA GUIMARAES DIAS', '02272693300', '', '2016-05-22 21:57:54', '2016-05-22 21:57:54'),
(46, 2, 'LUZIA GUIMARAES NEVES', '21221952234', '', '2016-05-22 21:57:54', '2016-05-22 21:57:54'),
(47, 2, 'ANTONIA WDAIRA GONCALVES FERREIRA SILVA', '96864370372', '', '2016-05-22 21:57:54', '2016-05-22 21:57:54'),
(48, 2, 'FRANCISCA CELIA GOMES DA SILVA', '38199696249', '', '2016-05-22 21:57:54', '2016-05-22 21:57:54'),
(49, 2, 'PAULA GOMES DA SILVA LIMA', '01736258354', '', '2016-05-22 21:57:54', '2016-05-22 21:57:54'),
(50, 2, 'NATALIA DA SILVA', '04692517352', '', '2016-05-22 21:57:54', '2016-05-22 21:57:54'),
(51, 2, 'AUREATRIZ GOMES GUEDES', '65545788387', '', '2016-05-22 21:57:55', '2016-05-22 21:57:55'),
(52, 2, 'FRANCISCA VIEIRA DE MELO ', '36359360306', '', '2016-05-22 21:57:55', '2016-05-22 21:57:55'),
(53, 2, 'BRENDA MARIA PAIXAO', '04651231128', '', '2016-05-22 21:57:55', '2016-05-22 21:57:55'),
(54, 2, 'MARIA AMELIA R LIMA SILVA', '65698892334', '', '2016-05-22 21:57:55', '2016-05-22 21:57:55'),
(55, 2, 'MARIA DAS NEVES GOMES DA SILVA', '92752020104', '', '2016-05-22 21:57:55', '2016-05-22 21:57:55'),
(56, 2, 'MARIA IRAANEIDE RIDRIGUES LIRA', '89711513315', '', '2016-05-22 21:57:55', '2016-05-22 21:57:55'),
(57, 2, 'MARCIA  ANDREIA ALVES', '83433678391', '', '2016-05-22 21:57:55', '2016-05-22 21:57:55'),
(58, 2, 'IRENALDO SILVA SAMPAIO', '80482503300', '', '2016-05-22 21:57:55', '2016-05-22 21:57:55'),
(59, 3, 'VALDENIA DE MATOS ALENCAR', '36348066304', '', '2016-05-22 21:57:55', '2016-05-22 21:57:55'),
(60, 3, 'JANDIRA LIRA SILVA', '34369252334', '', '2016-05-22 21:57:55', '2016-05-22 21:57:55'),
(61, 3, 'MARIA DO SOCORRO TEXEIRA DE OLIVEIRA', '32955987387', '', '2016-05-22 21:57:55', '2016-05-22 21:57:55'),
(62, 3, 'ARAO LOPES COSTA', '28250818334', '', '2016-05-22 21:57:55', '2016-05-22 21:57:55'),
(63, 3, 'VANUSAMARIA DE SOUSA', '48765783387', '', '2016-05-22 21:57:55', '2016-05-22 21:57:55'),
(64, 3, 'VANETE MARIA DE SOUSA', '48752614387', '', '2016-05-22 21:57:55', '2016-05-22 21:57:55'),
(65, 3, 'ROSAGELA CARMARGO LIMA', '48290734387', '', '2016-05-22 21:57:55', '2016-05-22 21:57:55'),
(66, 3, 'DALILA R MENDONCA DE ANDRADE  ', '46691707320', '', '2016-05-22 21:57:55', '2016-05-22 21:57:55'),
(67, 3, 'ARTELE LIMA BARBAOSA', '39460843115', '', '2016-05-22 21:57:55', '2016-05-22 21:57:55'),
(68, 3, 'SILVIA MARIA PEREIRA SILVA', '17971586353', '', '2016-05-22 21:57:55', '2016-05-22 21:57:55'),
(69, 3, 'MARIA EULANA SA  ARAUJO', '52323161334', '', '2016-05-22 21:57:55', '2016-05-22 21:57:55'),
(70, 3, 'ROSIMEIRE DASILVA BRITO', '65255550353', '', '2016-05-22 21:57:55', '2016-05-22 21:57:55'),
(71, 3, 'MARIA SANDRA CARDOSO DE ARAUJO', '77010485372', '', '2016-05-22 21:57:55', '2016-05-22 21:57:55'),
(72, 3, 'MARIA CLEITA SILVA SOARES', '93892896372', '', '2016-05-22 21:57:55', '2016-05-22 21:57:55'),
(73, 3, 'RAYMARA SILVA SOUSA', '60314617302', '', '2016-05-22 21:57:55', '2016-05-22 21:57:55'),
(74, 3, 'LUZIANE DE SOUSA SANTOS', '65215788391', '', '2016-05-22 21:57:55', '2016-05-22 21:57:55'),
(75, 3, 'NEIDE RODRIGUES SANTANA', '27827321372', '', '2016-05-22 21:57:55', '2016-05-22 21:57:55'),
(76, 3, 'CLEONICE CRUZ SALES', '00390085332', '', '2016-05-22 21:57:55', '2016-05-22 21:57:55'),
(77, 3, 'ROSA MARIA ALVES AZEVEDO ', '34328700359', '', '2016-05-22 21:57:55', '2016-05-22 21:57:55'),
(78, 3, 'ARLETE ARAUJO DA SILVA MARINHO', '83314270330', '', '2016-05-22 21:57:55', '2016-05-22 21:57:55'),
(79, 3, 'OINEY KATTY SILVA DO VALE ', '84132191320', '', '2016-05-22 21:57:55', '2016-05-22 21:57:55'),
(80, 3, 'PEDRO DA C SILVA', '83912010315', '', '2016-05-22 21:57:55', '2016-05-22 21:57:55'),
(81, 3, 'RAIMUNDA NONATA LOPESSILVA', '95548670344', '', '2016-05-22 21:57:55', '2016-05-22 21:57:55'),
(82, 3, 'NALDA MARIA COSTA OLIVEIRA', '63804980368', '', '2016-05-22 21:57:55', '2016-05-22 21:57:55'),
(83, 3, 'MARIA DA GUIA FERREIRA DA SILV', '29377234387', '', '2016-05-22 21:57:55', '2016-05-22 21:57:55'),
(84, 3, 'NOEL FERREIRA VIEIRA FILHO', '04379704181', '', '2016-05-22 21:57:55', '2016-05-22 21:57:55'),
(85, 3, 'RAIMUNDO NONATO BARROS JUNIOR', '04021032380', '', '2016-05-22 21:57:56', '2016-05-22 21:57:56'),
(86, 3, 'ROZANA DE MORAIS SILVA', '02894367376', '', '2016-05-22 21:57:56', '2016-05-22 21:57:56'),
(87, 3, 'ILDENE CARNEIRO BRITO', '03331781304', '', '2016-05-22 21:57:56', '2016-05-22 21:57:56'),
(88, 3, 'NATALIA COSTA  ALVES', '03334175340', '', '2016-05-22 21:57:56', '2016-05-22 21:57:56'),
(89, 3, 'MARIA GABRIELLA PEREIRA MENEZE', '05441347376', '', '2016-05-22 21:57:56', '2016-05-22 21:57:56'),
(90, 3, 'ELIANE FERREIRA CARVALHO', '00817609300', '', '2016-05-22 21:57:56', '2016-05-22 21:57:56'),
(91, 3, 'JOSENIR SOUSA  LEITE', '01023072378', '', '2016-05-22 21:57:56', '2016-05-22 21:57:56'),
(92, 3, 'ELINES DIAS DE BARROS', '01239514379', '', '2016-05-22 21:57:56', '2016-05-22 21:57:56'),
(93, 3, 'MARILIA PIRANGI LIMA', '02240928395', '', '2016-05-22 21:57:56', '2016-05-22 21:57:56'),
(94, 3, 'SARAH REGINA SILVA VIEIRA', '01239515340', '', '2016-05-22 21:57:56', '2016-05-22 21:57:56'),
(95, 3, 'CLAUDIA HELENA MDA SILVA', '57203695387', '', '2016-05-22 21:57:56', '2016-05-22 21:57:56'),
(96, 3, 'MARILENE LOPES SILVA', '70391190300', '', '2016-05-22 21:57:56', '2016-05-22 21:57:56'),
(97, 4, 'KATIA CILENE VIEIRA PONTES', '34448757391', '', '2016-05-22 21:57:56', '2016-05-22 21:57:56'),
(98, 4, 'ROSA MARIA MATIAS BARBOSA', '34391517353', '', '2016-05-22 21:57:56', '2016-05-22 21:57:56'),
(99, 4, 'MARINA DE NAZARE OLIVEIRA CANTANHEDE', '34202447204', '', '2016-05-22 21:57:56', '2016-05-22 21:57:56'),
(100, 4, 'ROSILENE MORAIS DE OLIVEIRA MARINHO', '29124409391', '', '2016-05-22 21:57:56', '2016-05-22 21:57:56'),
(101, 4, 'EVANEIDE RIBEIRO ARAUJO', '29114640368', '', '2016-05-22 21:57:56', '2016-05-22 21:57:56'),
(102, 4, 'ROSILDA DOS SANTOS ALMEIDA', '29237629320', '', '2016-05-22 21:57:56', '2016-05-22 21:57:56'),
(103, 4, 'JANISCLEI CHAVES DA COSTA', '52318559368', '', '2016-05-22 21:57:56', '2016-05-22 21:57:56'),
(104, 4, 'GISELLE SILVA MATOS ', '48780340334', '', '2016-05-22 21:57:56', '2016-05-22 21:57:56'),
(105, 4, 'SILVIA CRISTINA SILVA MATOS', '48735779349', '', '2016-05-22 21:57:56', '2016-05-22 21:57:56'),
(106, 4, 'CLAUDETE SOUSA SILVA', '46715177368', '', '2016-05-22 21:57:56', '2016-05-22 21:57:56'),
(107, 4, 'PATRICIA VALERIA DE CARVALHO MARREIROS  ', '46708553368', '', '2016-05-22 21:57:56', '2016-05-22 21:57:56'),
(108, 4, 'JANE DA SILVA FROTA AMORIM', '43628192315', '', '2016-05-22 21:57:56', '2016-05-22 21:57:56'),
(109, 4, 'LAURINETE PINHEIRO DA SILVA', '43559778387', '', '2016-05-22 21:57:56', '2016-05-22 21:57:56'),
(110, 4, 'MARIA DA PAZ DA SILVA E SILVA', '42919487354', '', '2016-05-22 21:57:56', '2016-05-22 21:57:56'),
(111, 4, 'ANTONIA FERREIRA DA SILVA', '41298942349', '', '2016-05-22 21:57:56', '2016-05-22 21:57:56'),
(112, 4, 'JULIA MARIA SILVA RODRIGUES', '45036209320', '', '2016-05-22 21:57:56', '2016-05-22 21:57:56'),
(113, 4, 'MARIA TELMA DE SOUSA ROCHA SILVA', '20763999334', '', '2016-05-22 21:57:56', '2016-05-22 21:57:56'),
(114, 4, 'MARILENE PEREIRA MARINHO', '25726749391', '', '2016-05-22 21:57:56', '2016-05-22 21:57:56'),
(115, 4, 'MARIA BRASILINA DE BRITO SOUSA  ', '25535005304', '', '2016-05-22 21:57:56', '2016-05-22 21:57:56'),
(116, 4, 'FRANCISCA COSTA OLIVEIRA', '25534173300', '', '2016-05-22 21:57:56', '2016-05-22 21:57:56'),
(117, 4, 'MARIA  ANTONIA RODRIGUES DE OLIVEIRA    ', '25531581300', '', '2016-05-22 21:57:56', '2016-05-22 21:57:56'),
(118, 4, 'CLAUDINEIA  VIEIRA ALVES', '20872944304', '', '2016-05-22 21:57:56', '2016-05-22 21:57:56'),
(119, 4, 'BERLIETE MENDES MOURA', '13729411349', '', '2016-05-22 21:57:57', '2016-05-22 21:57:57'),
(120, 4, 'MARIA DO ROSARIO CESAR MELO', '27836193349', '', '2016-05-22 21:57:57', '2016-05-22 21:57:57'),
(121, 4, 'GEUSANE SILVA MATOS', '70339180382', '', '2016-05-22 21:57:57', '2016-05-22 21:57:57'),
(122, 4, 'LEILA ALVES DOS SANTOS', '69362734320', '', '2016-05-22 21:57:57', '2016-05-22 21:57:57'),
(123, 4, 'FRANCINEUMA DA  SILVA NASCIMENTO', '66976600310', '', '2016-05-22 21:57:57', '2016-05-22 21:57:57'),
(124, 4, 'ROSIRENE SANTOS DE OLIVEIRA', '64174662304', '', '2016-05-22 21:57:57', '2016-05-22 21:57:57'),
(125, 4, 'ELIETE ROSA DE SOUSA SANTOS', '64005801315', '', '2016-05-22 21:57:57', '2016-05-22 21:57:57'),
(126, 4, 'MARIA DO SOCORRO SOUSA E SILVA', '65673484372', '', '2016-05-22 21:57:57', '2016-05-22 21:57:57'),
(127, 4, 'DALIENE RAQUEL CASTRO SOUSA', '80527280372', '', '2016-05-22 21:57:57', '2016-05-22 21:57:57'),
(128, 4, 'KATIA DE MOURA NASCIENTO PESSOA', '79254292320', '', '2016-05-22 21:57:57', '2016-05-22 21:57:57'),
(129, 4, 'MIRACELIA  LOPES CARVALHO', '76941558334', '', '2016-05-22 21:57:57', '2016-05-22 21:57:57'),
(130, 4, 'CLEUDIMAR DE SOUSA E SOUSA', '76159809334', '', '2016-05-22 21:57:57', '2016-05-22 21:57:57'),
(131, 4, 'MARISETE MENDES DOS SANTOS', '63423065320', '', '2016-05-22 21:57:57', '2016-05-22 21:57:57'),
(132, 4, 'ROZENILDA BERERRA DE SOUSA', '74300547300', '', '2016-05-22 21:57:57', '2016-05-22 21:57:57'),
(133, 4, 'IRANILDE FARIAS FIGUEREDO', '73675547353', '', '2016-05-22 21:57:57', '2016-05-22 21:57:57'),
(134, 4, 'MARILENE DE ARAUJO', '71127801368', '', '2016-05-22 21:57:57', '2016-05-22 21:57:57'),
(135, 4, 'JOSELIA ALVES ARAUJO', '70939420325', '', '2016-05-22 21:57:57', '2016-05-22 21:57:57'),
(136, 4, 'NAYARA TAYANE SILVA MATOS', '60275741354', '', '2016-05-22 21:57:57', '2016-05-22 21:57:57'),
(137, 4, 'ROSY ALDA DEQUEIXES REIS', '57668485368', '', '2016-05-22 21:57:57', '2016-05-22 21:57:57'),
(138, 4, 'ALBETIZAGOMES DA SILVA', '55142559304', '', '2016-05-22 21:57:57', '2016-05-22 21:57:57'),
(139, 4, 'ROSILENE VIEIRA DE SA', '62559427320', '', '2016-05-22 21:57:57', '2016-05-22 21:57:57'),
(140, 4, 'MARIA DOS SANTOS ANDRADE MILITAO', '62432567315', '', '2016-05-22 21:57:57', '2016-05-22 21:57:57'),
(141, 4, 'SILVANIA DA SILVA OLIVEIRA', '62314882334', '', '2016-05-22 21:57:57', '2016-05-22 21:57:57'),
(142, 4, 'FERNANDA BARBOSA DOS SANTOS CHAVES', '01837786348', '', '2016-05-22 21:57:57', '2016-05-22 21:57:57'),
(143, 4, 'LUANA OLIVEIRA LIMA', '01752150309', '', '2016-05-22 21:57:57', '2016-05-22 21:57:57'),
(144, 4, 'SUZANA SOUZA DA SILVA', '01406706370', '', '2016-05-22 21:57:57', '2016-05-22 21:57:57'),
(145, 4, 'ROMENIA DASILVA MENESES', '01320492363', '', '2016-05-22 21:57:57', '2016-05-22 21:57:57'),
(146, 4, 'VALDINA BATISTA MOURA', '02193262314', '', '2016-05-22 21:57:57', '2016-05-22 21:57:57'),
(147, 4, 'GILBERTO PIRES MACHADO', '02041147725', '', '2016-05-22 21:57:57', '2016-05-22 21:57:57'),
(148, 4, 'VANI CLEIA  ALMEIDA SANTOS BANDEIRA', '00630975329', '', '2016-05-22 21:57:57', '2016-05-22 21:57:57'),
(149, 4, 'ANA NUBIA DECARVALHO SOUZA ', '00399432329', '', '2016-05-22 21:57:57', '2016-05-22 21:57:57'),
(150, 4, 'DULCIA CONCEICAO NASCIMENTO', '00273273370', '', '2016-05-22 21:57:57', '2016-05-22 21:57:57'),
(151, 4, 'FERNANDA TAVARES DA SILVA FERREIRA', '00165398345', '', '2016-05-22 21:57:57', '2016-05-22 21:57:57'),
(152, 4, 'ANTONIA MARIA DEMORAIS', '00709800800', '', '2016-05-22 21:57:58', '2016-05-22 21:57:58'),
(153, 4, 'POLLYANE DE SOUSA SANTOS MENDOCA', '04804797394', '', '2016-05-22 21:57:58', '2016-05-22 21:57:58'),
(154, 4, 'MIRELLY FERREIRA ALVES', '04971497374', '', '2016-05-22 21:57:58', '2016-05-22 21:57:58'),
(155, 4, 'ELIZANIA ARAUJO RIBEIRO', '03364310319', '', '2016-05-22 21:57:58', '2016-05-22 21:57:58'),
(156, 4, 'SANDRA COSTA DE OLIVEIRA', '81208375172', '', '2016-05-22 21:57:58', '2016-05-22 21:57:58'),
(157, 4, 'NAGILA SARITA DE O SILVA MENDES M CARVAL', '03622273143', '', '2016-05-22 21:57:58', '2016-05-22 21:57:58'),
(158, 4, 'RUBERVAL FERREIRA BARBOSA', '96226897368', '', '2016-05-22 21:57:58', '2016-05-22 21:57:58'),
(159, 4, 'CRISTIANE RODRIGUES FERREIRA', '95055029315', '', '2016-05-22 21:57:58', '2016-05-22 21:57:58'),
(160, 4, 'PATRICIA GUIMARES SOARES', '99138638304', '', '2016-05-22 21:57:58', '2016-05-22 21:57:58'),
(161, 4, 'JAEL LIMA DA SILVA', '97399710325', '', '2016-05-22 21:57:58', '2016-05-22 21:57:58'),
(162, 4, 'FRANCISCA JACILENE SILVA CONCEICAO', '84378840391', '', '2016-05-22 21:57:58', '2016-05-22 21:57:58'),
(163, 4, 'REGINALDO GOMES CARVALHO', '82527857353', '', '2016-05-22 21:57:58', '2016-05-22 21:57:58'),
(164, 4, 'SUELI CARDOSO DA SILVA ROCHA', '92161979353', '', '2016-05-22 21:57:58', '2016-05-22 21:57:58'),
(165, 4, 'RUTE ROLINS DA SILVA', '90027655334', '', '2016-05-22 21:57:58', '2016-05-22 21:57:58'),
(166, 4, 'LUCIANA JASEN DA SILVA', '97227064387', '', '2016-05-22 21:57:58', '2016-05-22 21:57:58'),
(167, 5, 'GILDENE RIBEIRO DA SILVA           ', '37574616817', '', '2016-05-22 21:57:58', '2016-05-22 21:57:58'),
(168, 5, 'RITA MOREIRA DA CONCEICAO          ', '06605596331', '', '2016-05-22 21:57:58', '2016-05-22 21:57:58'),
(169, 5, 'JAILANE FERNANDES DE OLIVEIRA      ', '06103783330', '', '2016-05-22 21:57:58', '2016-05-22 21:57:58'),
(170, 5, 'ANGELICA DE SA OLIVEIRA            ', '60560457308', '', '2016-05-22 21:57:58', '2016-05-22 21:57:58'),
(171, 5, 'LEONARDA SILVA ROSA                ', '60399668314', '', '2016-05-22 21:57:58', '2016-05-22 21:57:58'),
(172, 5, 'FRANCISCO HELIO LOPES DA CRUZ      ', '60215189345', '', '2016-05-22 21:57:58', '2016-05-22 21:57:58'),
(173, 5, 'KARINA SA OLIVEIRA                 ', '61043960384', '', '2016-05-22 21:57:58', '2016-05-22 21:57:58'),
(174, 5, 'JAILENE ALVES DA SILVA             ', '61022633325', '', '2016-05-22 21:57:58', '2016-05-22 21:57:58'),
(175, 5, 'VANIELCA FERNANDES DE MELO         ', '61013235363', '', '2016-05-22 21:57:58', '2016-05-22 21:57:58'),
(176, 5, 'JANAINA THAYANNE PEREIRA NASCIMENTO', '02066042382', '', '2016-05-22 21:57:58', '2016-05-22 21:57:58'),
(177, 5, 'BETANIA PEREIRA DE CARVALHO        ', '00804782393', '', '2016-05-22 21:57:58', '2016-05-22 21:57:58'),
(178, 5, 'POLYANA FERREIRA DE SA             ', '00783505302', '', '2016-05-22 21:57:58', '2016-05-22 21:57:58'),
(179, 5, 'KEILIANE SILVA SA PEREIRA          ', '00775612367', '', '2016-05-22 21:57:58', '2016-05-22 21:57:58'),
(180, 5, 'JOSE CLERISON SA E SILVA           ', '00773884378', '', '2016-05-22 21:57:58', '2016-05-22 21:57:58'),
(181, 5, 'JOSEMARIA SOUSA VITORINO           ', '00771683308', '', '2016-05-22 21:57:58', '2016-05-22 21:57:58'),
(182, 5, 'JOANA BARBOSA CORREIA              ', '00686139380', '', '2016-05-22 21:57:58', '2016-05-22 21:57:58'),
(183, 5, 'RITA LAIANE DE SA                  ', '04388558338', '', '2016-05-22 21:57:58', '2016-05-22 21:57:58'),
(184, 5, 'RAFAELSOARES RIBEIRO               ', '05115104385', '', '2016-05-22 21:57:58', '2016-05-22 21:57:58'),
(185, 5, 'MARCELA SILVA GOVEIA               ', '04171272351', '', '2016-05-22 21:57:58', '2016-05-22 21:57:58'),
(186, 5, 'LUIZANGELA FERNANDES DE SA         ', '04898014399', '', '2016-05-22 21:57:59', '2016-05-22 21:57:59'),
(187, 5, 'MARIA NILVA DE SA MOTA             ', '03312609305', '', '2016-05-22 21:57:59', '2016-05-22 21:57:59'),
(188, 5, 'RITA MARIA DE SA SOUZA             ', '02839626314', '', '2016-05-22 21:57:59', '2016-05-22 21:57:59'),
(189, 5, 'DAIANE FERNANDES DE MELO           ', '03800758300', '', '2016-05-22 21:57:59', '2016-05-22 21:57:59'),
(190, 5, 'KATIANA PEREIRA DAS NEVES          ', '03754698346', '', '2016-05-22 21:57:59', '2016-05-22 21:57:59'),
(191, 5, 'DENIDES VIANA DOS SANTOS           ', '94534764391', '', '2016-05-22 21:57:59', '2016-05-22 21:57:59'),
(192, 5, 'JOELZA SOUSA VITORINO BARROSO      ', '94159769349', '', '2016-05-22 21:57:59', '2016-05-22 21:57:59'),
(193, 5, 'TEREZINHA DE JESUS LIMA COSTA      ', '92764096372', '', '2016-05-22 21:57:59', '2016-05-22 21:57:59'),
(194, 5, 'REJAME VIANA COSTA FERNANDES       ', '85714976304', '', '2016-05-22 21:57:59', '2016-05-22 21:57:59'),
(195, 5, 'FRANCILEIA LUIZA FERREIRA DE SA    ', '92665659387', '', '2016-05-22 21:57:59', '2016-05-22 21:57:59'),
(196, 5, 'SONIA MARIA DE JESUS FERREIRA      ', '93237170100', '', '2016-05-22 21:57:59', '2016-05-22 21:57:59'),
(197, 6, 'FERNANDO ALENCAR MORAES', '52359786334', '', '2016-05-22 21:57:59', '2016-05-22 21:57:59'),
(198, 6, 'SANDRA MARIA BATISTA MOURA SODRE', '34328904353', '', '2016-05-22 21:57:59', '2016-05-22 21:57:59'),
(199, 6, 'LAURICE DE ALMEIDA CRUZ', '32903529353', '', '2016-05-22 21:57:59', '2016-05-22 21:57:59'),
(200, 6, 'HELENI FRANCISCA DOS SANTOS SILVA', '25443550349', '', '2016-05-22 21:57:59', '2016-05-22 21:57:59'),
(201, 6, 'JAIRA DA SILVA MENDES MELO', '78025931315', '', '2016-05-22 21:57:59', '2016-05-22 21:57:59'),
(202, 6, 'IRESLOURANIA SILVA PASSOS', '60751822337', '', '2016-05-22 21:57:59', '2016-05-22 21:57:59'),
(203, 6, 'PATRICIA  ARAUJO DOAS SANTOS', '60008745374', '', '2016-05-22 21:57:59', '2016-05-22 21:57:59'),
(204, 6, 'MARINALVA FRANCO LIMA', '53074777320', '', '2016-05-22 21:57:59', '2016-05-22 21:57:59'),
(205, 6, 'MIZIA RIBEIRO VIANA', '62286480397', '', '2016-05-22 21:57:59', '2016-05-22 21:57:59'),
(206, 6, 'HANNAH MARIA M RODRIGUES DE CARVALHO', '60615500307', '', '2016-05-22 21:57:59', '2016-05-22 21:57:59'),
(207, 6, 'SORAYA PIRES NASCIMENTO', '62215779349', '', '2016-05-22 21:57:59', '2016-05-22 21:57:59'),
(208, 6, 'EANES MORAIS LIMA', '01300235314', '', '2016-05-22 21:57:59', '2016-05-22 21:57:59'),
(209, 6, 'SANDRA MARA OLIVEIRA ALVES', '00104521333', '', '2016-05-22 21:57:59', '2016-05-22 21:57:59'),
(210, 6, 'ANTONIA REGINA REIS TEIXEIRA SILVA', '01042287333', '', '2016-05-22 21:57:59', '2016-05-22 21:57:59'),
(211, 6, 'MAURA NETO DA SILVA', '00782563309', '', '2016-05-22 21:57:59', '2016-05-22 21:57:59'),
(212, 6, 'DANIELLA  DOS SANTOS LEITE', '04249185362', '', '2016-05-22 21:57:59', '2016-05-22 21:57:59'),
(213, 6, 'LEONARDO LEAL ARAUJO', '03385220343', '', '2016-05-22 21:57:59', '2016-05-22 21:57:59'),
(214, 6, 'JAYANE DA SILVA OLIVEIRA', '02780684305', '', '2016-05-22 21:58:00', '2016-05-22 21:58:00'),
(215, 6, 'JAQUELINE ALVES DOS REIS', '02654265374', '', '2016-05-22 21:58:00', '2016-05-22 21:58:00'),
(216, 6, 'MARICELY GUIMARAES DE FARIAS', '03201476307', '', '2016-05-22 21:58:00', '2016-05-22 21:58:00'),
(217, 6, 'JOCIVANIA PEREIRA DA SILVA', '04154882147', '', '2016-05-22 21:58:00', '2016-05-22 21:58:00'),
(218, 6, 'ALVORO DIAS FERREIRA', '03859233335', '', '2016-05-22 21:58:00', '2016-05-22 21:58:00'),
(219, 6, 'FABIOLA SILVA', '03468421311', '', '2016-05-22 21:58:00', '2016-05-22 21:58:00'),
(220, 6, 'GONCALA CARVALHO DE SOUSA NETA', '02525572394', '', '2016-05-22 21:58:00', '2016-05-22 21:58:00'),
(221, 6, 'MARCIA DE SOUSA ROCHA TEIXEIRA', '93068280397', '', '2016-05-22 21:58:00', '2016-05-22 21:58:00'),
(222, 6, 'LUIZANGELA IDALGO MIRANDA', '92863442104', '', '2016-05-22 21:58:00', '2016-05-22 21:58:00'),
(223, 6, 'BRUNA DOS SANTOS ARAUJO', '99858924372', '', '2016-05-22 21:58:00', '2016-05-22 21:58:00'),
(224, 6, 'GISELLY ALMEIDA DASILVA', '99375508315', '', '2016-05-22 21:58:00', '2016-05-22 21:58:00'),
(225, 6, 'MARLENE RODRIGUES DA S FERREIRA', '82991480300', '', '2016-05-22 21:58:00', '2016-05-22 21:58:00'),
(226, 6, 'MIRIAN ALVES FEITOSA', '82241368334', '', '2016-05-22 21:58:00', '2016-05-22 21:58:00'),
(227, 6, 'WEKSILENE DESOUSA DUARTE', '90462092372', '', '2016-05-22 21:58:00', '2016-05-22 21:58:00'),
(228, 6, 'PATRICIA SOUSA SILVA', '91505470382', '', '2016-05-22 21:58:00', '2016-05-22 21:58:00'),
(229, 6, 'DAIANA SILVA CAMPOS', '90734971168', '', '2016-05-22 21:58:00', '2016-05-22 21:58:00'),
(230, 6, 'NUBIA  ALVES SILVA CARVALHO', '00728980380', '', '2016-05-22 21:58:00', '2016-05-22 21:58:00'),
(231, 6, 'VIVIANE SILVA SANTOS', '03326281323', '', '2016-05-22 21:58:00', '2016-05-22 21:58:00'),
(232, 7, 'MARIA DE FATIMA  PEREIRA BARBOSA', '33417695368', '', '2016-05-22 21:58:00', '2016-05-22 21:58:00'),
(233, 7, 'ROSEMARY NASCIMENTO PEREIRA', '32830076320', '', '2016-05-22 21:58:00', '2016-05-22 21:58:00'),
(234, 7, 'MARINALVA ARAUJO ALMEIDA', '48947610330', '', '2016-05-22 21:58:00', '2016-05-22 21:58:00'),
(235, 7, 'ASTROJANE MARIA SANTOS SOUSA', '42527554334', '', '2016-05-22 21:58:00', '2016-05-22 21:58:00'),
(236, 7, 'RAQUEL DE ANDRADE NASCIMENTO', '41306511372', '', '2016-05-22 21:58:00', '2016-05-22 21:58:00'),
(237, 7, 'MARIA DO ROSARIO AQUINO RAPOSO', '06449190353', '', '2016-05-22 21:58:00', '2016-05-22 21:58:00'),
(238, 7, 'RAIMUNDA LIMA  RIBEIRO', '25537172372', '', '2016-05-22 21:58:00', '2016-05-22 21:58:00'),
(239, 7, 'ELIECE LIBERALIVA DA COSTA', '25364030334', '', '2016-05-22 21:58:00', '2016-05-22 21:58:00'),
(240, 7, 'TEREZA DE CARVALHO SANTIAGO', '10116486368', '', '2016-05-22 21:58:00', '2016-05-22 21:58:00'),
(241, 7, 'OZIAS SOUSA LIMA', '25271059391', '', '2016-05-22 21:58:00', '2016-05-22 21:58:00'),
(242, 7, 'LEONILDES GREGORIO DE ABREL', '79863078115', '', '2016-05-22 21:58:00', '2016-05-22 21:58:00'),
(243, 7, 'REJANE DOS SANTOS NASCIMENTO LUZ ', '74322869300', '', '2016-05-22 21:58:00', '2016-05-22 21:58:00'),
(244, 7, 'OZANIA MEDEIROS DE SOUZA ', '52849660310', '', '2016-05-22 21:58:00', '2016-05-22 21:58:00'),
(245, 7, 'MARIA VANEIDE LIMA ', '61400173353', '', '2016-05-22 21:58:00', '2016-05-22 21:58:00'),
(246, 7, 'RAYANE NASCIMENTO BARROSO', '62549502353', '', '2016-05-22 21:58:00', '2016-05-22 21:58:00'),
(247, 7, 'GILVAN DOS SANTOS NUNES', '00228483395', '', '2016-05-22 21:58:00', '2016-05-22 21:58:00'),
(248, 7, 'WENA ALVES DE AQUINO', '00191649392', '', '2016-05-22 21:58:00', '2016-05-22 21:58:00'),
(249, 7, 'MAYANNA CARVALHO VIEIRA', '02638251321', '', '2016-05-22 21:58:01', '2016-05-22 21:58:01'),
(250, 7, 'AURICELIA  ALVES DA SILVA  FERNANDES', '01084120321', '', '2016-05-22 21:58:01', '2016-05-22 21:58:01'),
(251, 7, 'ELVIA PRICILA  NOGEIRA  COELHO', '00932067395', '', '2016-05-22 21:58:01', '2016-05-22 21:58:01'),
(252, 7, 'VALDEANE DE SOUSA SILVA', '0434679325 ', '', '2016-05-22 21:58:01', '2016-05-22 21:58:01'),
(253, 7, 'LARISSA KETLEM OLIVEIRA CARVALHO', '04982119163', '', '2016-05-22 21:58:01', '2016-05-22 21:58:01'),
(254, 7, 'CLAUDENYCE PEREIRA SILVA', '03167661356', '', '2016-05-22 21:58:01', '2016-05-22 21:58:01'),
(255, 7, 'MARIANA ALMEIDA SOUSA', '00979933366', '', '2016-05-22 21:58:01', '2016-05-22 21:58:01'),
(256, 7, 'CARMEM DA CSANTOS ALVES', '96146010359', '', '2016-05-22 21:58:01', '2016-05-22 21:58:01'),
(257, 7, 'MEIRY RIBEIRO SILVA', '95727825334', '', '2016-05-22 21:58:01', '2016-05-22 21:58:01'),
(258, 7, 'GILVANI PEREIRA DA SILVA', '94579407334', '', '2016-05-22 21:58:01', '2016-05-22 21:58:01'),
(259, 7, 'ANTONIA VALDIRENE DA SILVA', '94548234349', '', '2016-05-22 21:58:01', '2016-05-22 21:58:01'),
(260, 7, 'MARIA EDILENE NUNES DE SOUSA', '93891393334', '', '2016-05-22 21:58:01', '2016-05-22 21:58:01'),
(261, 7, 'MIRIAN DE SOUSA  ALMEIDA', '98968530378', '', '2016-05-22 21:58:01', '2016-05-22 21:58:01'),
(262, 7, 'GILDA DIAS DE SOUSA', '92102557391', '', '2016-05-22 21:58:01', '2016-05-22 21:58:01'),
(263, 7, 'SANDRA MARIA SOUSA PEREIRA', '87858460415', '', '2016-05-22 21:58:01', '2016-05-22 21:58:01'),
(264, 7, 'MARIA EDVANA N MELO', '36395536320', '', '2016-05-22 21:58:01', '2016-05-22 21:58:01'),
(265, 7, 'MARIA JOSE SOUSA COSTA SILVA', '00384288308', '', '2016-05-22 21:58:01', '2016-05-22 21:58:01'),
(266, 7, 'MARIA REGINA BOTELHO MARTINS', '80993834191', '', '2016-05-22 21:58:01', '2016-05-22 21:58:01'),
(267, 8, 'MARIAFRANCILENE GOMES DE GOUVEIA', '40145298353', '', '2016-05-22 21:58:01', '2016-05-22 21:58:01'),
(268, 8, 'ANTONIA DO ESPIRITO SANTO COSTA LIMA', '05538105377', '', '2016-05-22 21:58:01', '2016-05-22 21:58:01'),
(269, 8, 'MARIA IRENE RODRIGUES MANTINS', '81143486315', '', '2016-05-22 21:58:01', '2016-05-22 21:58:01'),
(270, 8, 'ROBERTO PEREIRA BELFORT', '52376621372', '', '2016-05-22 21:58:01', '2016-05-22 21:58:01'),
(271, 8, 'MARIA ZELIA CHAVES PEREIRA', '74839373353', '', '2016-05-22 21:58:01', '2016-05-22 21:58:01'),
(272, 8, 'EVA  MARIA DOS SANTOS', '74049356368', '', '2016-05-22 21:58:01', '2016-05-22 21:58:01'),
(273, 8, 'JARDEON RODRIGUES DOS SANTOS ', '60554905361', '', '2016-05-22 21:58:01', '2016-05-22 21:58:01'),
(274, 8, 'CLAUDIRENE DOS SANTOS APINAGE', '02172480398', '', '2016-05-22 21:58:01', '2016-05-22 21:58:01'),
(275, 8, 'CEILANJA FERREIRA DA SILVA', '00638262321', '', '2016-05-22 21:58:01', '2016-05-22 21:58:01'),
(276, 8, 'ELENIRA LIMA DA SILVA', '00460407309', '', '2016-05-22 21:58:01', '2016-05-22 21:58:01'),
(277, 8, 'ELBA LIMA DA SILVA ', '00460391399', '', '2016-05-22 21:58:01', '2016-05-22 21:58:01'),
(278, 8, 'MANOEL MESSIS DE OLIVEIRA CIRQUEIRA ', '01164143328', '', '2016-05-22 21:58:01', '2016-05-22 21:58:01'),
(279, 8, 'REGINA BARROS PAIXAO', '01007124369', '', '2016-05-22 21:58:01', '2016-05-22 21:58:01'),
(280, 8, 'FERNANDO DINIZ DE SOUSA BEQUIMAN', '05184302352', '', '2016-05-22 21:58:01', '2016-05-22 21:58:01'),
(281, 8, 'WELITON DE ABREU BARROS ', '05172672338', '', '2016-05-22 21:58:01', '2016-05-22 21:58:01'),
(282, 8, 'CAMILA BARROS DOS SANTOS', '03456852371', '', '2016-05-22 21:58:02', '2016-05-22 21:58:02'),
(283, 8, 'GENIVAN RIBEIRO DE BRITO', '04201564371', '', '2016-05-22 21:58:02', '2016-05-22 21:58:02'),
(284, 8, 'MARIA DE SOUSA SANTANA VIANA', '94948992372', '', '2016-05-22 21:58:02', '2016-05-22 21:58:02'),
(285, 8, 'LUCINETE NEVES DA SILVA  ', '96243430391', '', '2016-05-22 21:58:02', '2016-05-22 21:58:02'),
(286, 8, 'SEBASTIANA GOMES DA SILVA', '94600112172', '', '2016-05-22 21:58:02', '2016-05-22 21:58:02'),
(287, 8, 'MARIA DE JESUS AGUIAR DE SOUSA', '99294281353', '', '2016-05-22 21:58:02', '2016-05-22 21:58:02'),
(288, 8, 'MARIA JOSE DE SOUSA PEREIRA', '84770988320', '', '2016-05-22 21:58:02', '2016-05-22 21:58:02'),
(289, 9, 'DIOMAR SILVA DOS SANTOS', '33625590344', '', '2016-05-22 21:58:02', '2016-05-22 21:58:02'),
(290, 9, 'JEOVANIA MOREIRA FRANCISCO DE SOUZA', '43619401349', '', '2016-05-22 21:58:02', '2016-05-22 21:58:02'),
(291, 9, 'VIVIAN DOS SANTOS', '29571526819', '', '2016-05-22 21:58:02', '2016-05-22 21:58:02'),
(292, 9, 'MARCIA DALENE RBEIRO SILVA', '26989018372', '', '2016-05-22 21:58:02', '2016-05-22 21:58:02'),
(293, 9, 'ANTONIA DA SILVA VELOZO', '66681359353', '', '2016-05-22 21:58:02', '2016-05-22 21:58:02'),
(294, 9, 'MIRIAN RODRIGUES DA SILVA ', '75802490306', '', '2016-05-22 21:58:02', '2016-05-22 21:58:02'),
(295, 9, 'MARILDA FERREIRA DA SILVA ', '72487330325', '', '2016-05-22 21:58:02', '2016-05-22 21:58:02'),
(296, 9, 'SUMIKO SATO', '63887312368', '', '2016-05-22 21:58:02', '2016-05-22 21:58:02'),
(297, 9, 'MARINA ARAUJO DA  SILVA', '62950460372', '', '2016-05-22 21:58:02', '2016-05-22 21:58:02'),
(298, 9, 'ELIANE DA SILVA PEREIRA', '62581198320', '', '2016-05-22 21:58:02', '2016-05-22 21:58:02'),
(299, 9, 'DANUBIA OLIVEIRA REIS FEREIRA', '01752070380', '', '2016-05-22 21:58:02', '2016-05-22 21:58:02'),
(300, 9, 'CARLA DIAS SANTOS', '01705266312', '', '2016-05-22 21:58:02', '2016-05-22 21:58:02'),
(301, 9, 'CLERISMA MOURA DA SILVA MATOS', '01545722331', '', '2016-05-22 21:58:02', '2016-05-22 21:58:02'),
(302, 9, 'MARIA DE JESUS LIMA MALAQUIAS', '01500762318', '', '2016-05-22 21:58:02', '2016-05-22 21:58:02'),
(303, 9, 'REGIANE ARAUJO SILVA', '01314236300', '', '2016-05-22 21:58:02', '2016-05-22 21:58:02'),
(304, 9, 'AUDILETE BARBOSA PASCOAL', '01303595303', '', '2016-05-22 21:58:02', '2016-05-22 21:58:02'),
(305, 9, 'ADRIANA LOPES CHAVES', '02341995390', '', '2016-05-22 21:58:02', '2016-05-22 21:58:02'),
(306, 9, 'JOSEANE DA SILVA SANTOS ', '02125634321', '', '2016-05-22 21:58:02', '2016-05-22 21:58:02'),
(307, 9, 'SILVANETE SOUSA DA SILVA', '00416561306', '', '2016-05-22 21:58:02', '2016-05-22 21:58:02'),
(308, 9, 'GERRY PEREIRA SOUSA', '04860434366', '', '2016-05-22 21:58:02', '2016-05-22 21:58:02'),
(309, 9, 'MARIA CRISTIANE DA SILVA COSTA', '34325077391', '', '2016-05-22 21:58:02', '2016-05-22 21:58:02'),
(310, 9, 'ISABEL STEFHANY DA CONCEICAO DA  SILVA', '05423670330', '', '2016-05-22 21:58:02', '2016-05-22 21:58:02'),
(311, 9, 'ELIELDA HOLANDA DA  SILVA', '20556802349', '', '2016-05-22 21:58:02', '2016-05-22 21:58:02'),
(312, 9, 'ARETUZA LOPES DA SILVA', '61864323353', '', '2016-05-22 21:58:02', '2016-05-22 21:58:02'),
(313, 9, 'MARIA ISLENE DO NASCIMENTO BARBOSA ', '34399747315', '', '2016-05-22 21:58:02', '2016-05-22 21:58:02'),
(314, 9, 'MARIA SOLIDADE MOURA SILVA CARNEIRO', '96074191387', '', '2016-05-22 21:58:02', '2016-05-22 21:58:02'),
(315, 9, 'ANA CRISTINA DA CONCEICAO SANTOS', '84154527304', '', '2016-05-22 21:58:02', '2016-05-22 21:58:02'),
(316, 9, 'MARCIA ALVES DASILVA', '91738598349', '', '2016-05-22 21:58:03', '2016-05-22 21:58:03'),
(317, 9, 'VERA LUCIA NUNES BARROS', '90562224300', '', '2016-05-22 21:58:03', '2016-05-22 21:58:03'),
(318, 9, 'IZABEL CRISTINA REIS MENDES', '91270170368', '', '2016-05-22 21:58:03', '2016-05-22 21:58:03'),
(319, 10, 'MARIA DE JESUS F SILVA ', '33370338300', '', '2016-05-22 21:58:03', '2016-05-22 21:58:03'),
(320, 10, 'ANTONIO VALQUINES DE OLIVEIRA BEZERRA', '87948117334', '', '2016-05-22 21:58:03', '2016-05-22 21:58:03'),
(321, 10, 'CASSIA SALES DE SOUSA', '98128353349', '', '2016-05-22 21:58:03', '2016-05-22 21:58:03'),
(322, 10, 'KELEN RAFAELA GRAMA SANTOS', '01879629364', '', '2016-05-22 21:58:03', '2016-05-22 21:58:03'),
(323, 10, 'JUVENAL GOMES VIANA', '26526190391', '', '2016-05-22 21:58:03', '2016-05-22 21:58:03'),
(324, 10, 'VILCELINO MARINHO VIEIRA', '36518735368', '', '2016-05-22 21:58:03', '2016-05-22 21:58:03'),
(325, 10, 'ADELAIDE DAYANNE L SILVA ARAUJO ', '94578257304', '', '2016-05-22 21:58:03', '2016-05-22 21:58:03'),
(326, 10, 'JOICE LENY SOUSA NASCIMENTO', '72667044304', '', '2016-05-22 21:58:03', '2016-05-22 21:58:03'),
(327, 10, 'ULDANCY NUNES DE SOUSA', '30465486304', '', '2016-05-22 21:58:03', '2016-05-22 21:58:03'),
(328, 10, 'SUELY MONTEIRO LEAL', '28128672304', '', '2016-05-22 21:58:03', '2016-05-22 21:58:03'),
(329, 10, 'JULIO CESAR FONSECA PINTO', '85814105372', '', '2016-05-22 21:58:03', '2016-05-22 21:58:03'),
(330, 10, 'ANDREZA TORRES DE AZEVEDO', '00349599394', '', '2016-05-22 21:58:03', '2016-05-22 21:58:03'),
(331, 10, 'ELAYNE REGINA TORRESAZEVEDO ', '90770811353', '', '2016-05-22 21:58:03', '2016-05-22 21:58:03'),
(332, 10, 'ANA LUCIA DO NASCIMENTO BARROS', '00008510350', '', '2016-05-22 21:58:03', '2016-05-22 21:58:03'),
(333, 10, 'VALDIR MAGALHOES FONTES', '74717723368', '', '2016-05-22 21:58:03', '2016-05-22 21:58:03'),
(334, 10, 'VALDIR DA ROCHA ARAUJO', '40646696300', '', '2016-05-22 21:58:03', '2016-05-22 21:58:03'),
(335, 10, 'MARIA DAS GRACAS FRANCA DE SOUZA', '34376127353', '', '2016-05-22 21:58:03', '2016-05-22 21:58:03'),
(336, 10, 'JOYCE LEAL FACUNDES', '03579978322', '', '2016-05-22 21:58:03', '2016-05-22 21:58:03'),
(337, 10, 'LUCIANA NASCIMENTO DE MACEDO  ', '01597270300', '', '2016-05-22 21:58:03', '2016-05-22 21:58:03'),
(338, 10, 'ALANA MACEDO SILVA ', '64930661315', '', '2016-05-22 21:58:03', '2016-05-22 21:58:03'),
(339, 10, 'CYNTHIA FREITAS ANTUNES VALLE ', '04486548736', '', '2016-05-22 21:58:03', '2016-05-22 21:58:03'),
(340, 10, 'FERNANDO SILVA FERNANDES', '02553873344', '', '2016-05-22 21:58:03', '2016-05-22 21:58:03'),
(341, 10, 'CLAUDIA CRISTINA TDOS SANTOS', '33416451368', '', '2016-05-22 21:58:03', '2016-05-22 21:58:03'),
(342, 11, 'RODRIGO DE SA SILVA', '05481912392', '', '2016-05-22 21:58:03', '2016-05-22 21:58:03'),
(343, 11, 'BOMFIM ALVES DOS SANTOS SOUSA', '01472794370', '', '2016-05-22 21:58:03', '2016-05-22 21:58:03'),
(344, 11, 'LUCAS SILVA DA CRUZ', '60894744364', '', '2016-05-22 21:58:03', '2016-05-22 21:58:03'),
(345, 11, 'TAYLANA AGUIAR SANTANA FIGUEIRA', '62787683304', '', '2016-05-22 21:58:03', '2016-05-22 21:58:03'),
(346, 11, 'MAURICIO DE SOUSA SALES', '61186123311', '', '2016-05-22 21:58:03', '2016-05-22 21:58:03'),
(347, 11, 'DOMINGOS FREITAS MARTINS', '40206157304', '', '2016-05-22 21:58:03', '2016-05-22 21:58:03'),
(348, 11, 'JOSE DA SILVA SOUSA FILHO', '06505246320', '', '2016-05-22 21:58:04', '2016-05-22 21:58:04'),
(349, 11, 'PATRICIA MARCIEL DE ALMEIDA', '06294475350', '', '2016-05-22 21:58:04', '2016-05-22 21:58:04'),
(350, 11, 'JULIO CESAR GUAJAJARA DA SILVA', '05883907393', '', '2016-05-22 21:58:04', '2016-05-22 21:58:04'),
(351, 11, 'DIEGO PEREIRA OLIVEIRA ', '05838026308', '', '2016-05-22 21:58:04', '2016-05-22 21:58:04'),
(352, 11, 'EDMILSON VERAS DA COSTA', '18575358120', '', '2016-05-22 21:58:04', '2016-05-22 21:58:04'),
(353, 11, 'ROBERTO LEUDE ARAUJO DOS SANTOS', '74223500325', '', '2016-05-22 21:58:04', '2016-05-22 21:58:04'),
(354, 11, 'JOSE RAIMUNDO DE CASTRO CALDAS', '64473724387', '', '2016-05-22 21:58:04', '2016-05-22 21:58:04'),
(355, 11, 'RITA VALERIA ASSUNCAO BARBOSSA', '63959895372', '', '2016-05-22 21:58:04', '2016-05-22 21:58:04'),
(356, 11, 'LEOMAR DOS SANTOS JANCE', '02206273390', '', '2016-05-22 21:58:04', '2016-05-22 21:58:04'),
(357, 11, 'FRANCISCO WERBERTH JONNHS DA S FERNANDES', '02198566303', '', '2016-05-22 21:58:04', '2016-05-22 21:58:04'),
(358, 11, 'ORLANDO CARVALHO MOURA', '02172200379', '', '2016-05-22 21:58:04', '2016-05-22 21:58:04'),
(359, 11, 'JOSE RAIMUNDO SANTOS SILVA', '00489795382', '', '2016-05-22 21:58:04', '2016-05-22 21:58:04'),
(360, 11, 'PEDRO PAULO LIMA FACUNDO', '00370464389', '', '2016-05-22 21:58:04', '2016-05-22 21:58:04'),
(361, 11, 'GERSON LUIZ MACHADO BARBOSA', '00228284350', '', '2016-05-22 21:58:04', '2016-05-22 21:58:04'),
(362, 11, 'CRISTINA CORTEZ FIGUEIRA', '00256582394', '', '2016-05-22 21:58:04', '2016-05-22 21:58:04'),
(363, 11, 'WECSLEY SILVA CHAVES', '00652899358', '', '2016-05-22 21:58:04', '2016-05-22 21:58:04'),
(364, 11, 'ALESSANDRA CORTEZ SANTOS', '00960958304', '', '2016-05-22 21:58:04', '2016-05-22 21:58:04'),
(365, 11, 'MARYANA MARQUES DA SILVA', '05378782384', '', '2016-05-22 21:58:04', '2016-05-22 21:58:04'),
(366, 11, 'JORGE ADRIANO FERREIRA DA SILVEIRA', '05260020340', '', '2016-05-22 21:58:04', '2016-05-22 21:58:04'),
(367, 11, 'CLEUDIVAN DE SOUSA VASCONCELO', '05232302302', '', '2016-05-22 21:58:04', '2016-05-22 21:58:04'),
(368, 11, 'ENICAZIO GONCALVES COSTA', '05182065302', '', '2016-05-22 21:58:04', '2016-05-22 21:58:04'),
(369, 11, 'JOAO BATISTA TEIXEIRA MARTINS', '04897768330', '', '2016-05-22 21:58:04', '2016-05-22 21:58:04'),
(370, 11, 'MIRIANE VIEIRA PORTO', '04054289363', '', '2016-05-22 21:58:04', '2016-05-22 21:58:04'),
(371, 11, 'LISLARIA PEREIRA CHAVES', '03629571344', '', '2016-05-22 21:58:04', '2016-05-22 21:58:04'),
(372, 11, 'GILSON MACHADO BARBOSA', '84383755372', '', '2016-05-22 21:58:04', '2016-05-22 21:58:04'),
(373, 11, 'PEDRO SERGIO PEREIRA FREITAS ', '83818227349', '', '2016-05-22 21:58:04', '2016-05-22 21:58:04'),
(374, 11, 'JONAS BARROS DA SILVA', '83074260300', '', '2016-05-22 21:58:04', '2016-05-22 21:58:04'),
(375, 11, 'MARIO ANDRETT CAMPOS BATISTA ', '84926635372', '', '2016-05-22 21:58:04', '2016-05-22 21:58:04'),
(376, 11, 'SHEILA BARBOSA SANTANA', '92648860363', '', '2016-05-22 21:58:04', '2016-05-22 21:58:04'),
(377, 11, 'PAULO ROBERTO BEZERRA LIMA', '90332890325', '', '2016-05-22 21:58:04', '2016-05-22 21:58:04'),
(378, 11, 'CARLOS EDUARDO ALENCAR MENDES', '88751902320', '', '2016-05-22 21:58:04', '2016-05-22 21:58:04'),
(379, 11, 'FRANCISCO DE ASSIS S SOUSA', '84308010306', '', '2016-05-22 21:58:04', '2016-05-22 21:58:04'),
(380, 11, 'FRANCILDO DE LIMA DE SOUZA', '95878831368', '', '2016-05-22 21:58:05', '2016-05-22 21:58:05'),
(381, 11, 'UDSON CARVALHO DE SOUSA', '95660283349', '', '2016-05-22 21:58:05', '2016-05-22 21:58:05'),
(382, 12, 'HERLANDIA MOREIRA LIMA SILVA', '04765247333', '', '2016-05-22 21:58:05', '2016-05-22 21:58:05'),
(383, 12, 'MARIA JOSE DA COSTA FIGUEIREDO', '50485091372', '', '2016-05-22 21:58:05', '2016-05-22 21:58:05'),
(384, 12, 'THAYNARA MARTINS SILVA', '05996614375', '', '2016-05-22 21:58:05', '2016-05-22 21:58:05'),
(385, 12, 'VILMA BENTO LOPES BONE', '83740643315', '', '2016-05-22 21:58:05', '2016-05-22 21:58:05'),
(386, 12, 'LORIANE DA SILVA LIMA', '60474298310', '', '2016-05-22 21:58:05', '2016-05-22 21:58:05'),
(387, 12, 'FRANCISCA FREIRE DA ROCHA SOUZA', '90428633315', '', '2016-05-22 21:58:05', '2016-05-22 21:58:05'),
(388, 12, 'FLORDELIS CARLOS PEREIRA SANTOS', '80064418391', '', '2016-05-22 21:58:05', '2016-05-22 21:58:05'),
(389, 12, 'MARIA GEANE MOURAO DOS SANTOS', '02190529301', '', '2016-05-22 21:58:05', '2016-05-22 21:58:05'),
(390, 12, 'DAYSE SANTANA VERAS', '99306700334', '', '2016-05-22 21:58:05', '2016-05-22 21:58:05'),
(391, 12, 'MARIA LETICIA ANDRADE DANTAS SOUSA ', '62774891353', '', '2016-05-22 21:58:05', '2016-05-22 21:58:05'),
(392, 12, 'NARA RAMOS ARAJAU SOUSA', '02753400318', '', '2016-05-22 21:58:05', '2016-05-22 21:58:05'),
(393, 12, 'SEBASTIANA  APARECIDA REGO PEREIRA  ', '72493461304', '', '2016-05-22 21:58:05', '2016-05-22 21:58:05'),
(394, 12, 'ANTONIO ROSARIO DE ARAUJO', '01422862305', '', '2016-05-22 21:58:05', '2016-05-22 21:58:05'),
(395, 12, 'VICENCIA DE OLIVEIRA ALVES', '01276516320', '', '2016-05-22 21:58:05', '2016-05-22 21:58:05'),
(396, 12, 'CINTIA CRISTINA DE SA', '04535084300', '', '2016-05-22 21:58:05', '2016-05-22 21:58:05'),
(397, 12, 'ANA ALICE DOS SANTOS SILVA', '06472693331', '', '2016-05-22 21:58:05', '2016-05-22 21:58:05'),
(398, 12, 'ANTONIA LEDA FREIRE DA R RODRIGUES', '48795275304', '', '2016-05-22 21:58:05', '2016-05-22 21:58:05'),
(399, 12, 'IRACEMA CRUZ DA ROCHA', '76469611320', '', '2016-05-22 21:58:05', '2016-05-22 21:58:05'),
(400, 12, 'ANA MARIA DOS SANTOS ', '45172854215', '', '2016-05-22 21:58:05', '2016-05-22 21:58:05'),
(401, 12, 'JULIANA MARIA DE BARROS PESSOS', '29064457387', '', '2016-05-22 21:58:05', '2016-05-22 21:58:05'),
(402, 12, 'FRANCISCO PATRICIA CRUZ DA SILVA', '02650691301', '', '2016-05-22 21:58:05', '2016-05-22 21:58:05'),
(403, 12, 'MARIA PEDRINA DOS S J CARVALHO', '34581073391', '', '2016-05-22 21:58:05', '2016-05-22 21:58:05'),
(404, 12, 'JACIARA BATISTA LIMA TORRES', '03474229346', '', '2016-05-22 21:58:05', '2016-05-22 21:58:05'),
(405, 12, 'LEONARDO RIOS SILVA', '04903782344', '', '2016-05-22 21:58:05', '2016-05-22 21:58:05'),
(406, 12, 'QUELLY ROSA SANTANA VERAS', '94964440320', '', '2016-05-22 21:58:05', '2016-05-22 21:58:05'),
(407, 12, 'CELIA MARIA RODRIGUES MARQUES ', '81898169349', '', '2016-05-22 21:58:05', '2016-05-22 21:58:05'),
(408, 12, 'ESCIANARIA ALMEIDA LIMA SILVA', '95966340382', '', '2016-05-22 21:58:05', '2016-05-22 21:58:05'),
(409, 12, 'CLEIDE ARRUDA SANTOS', '05159672389', '', '2016-05-22 21:58:05', '2016-05-22 21:58:05'),
(410, 12, 'CINTIA SOUSA DOS SANTOS', '02915535329', '', '2016-05-22 21:58:05', '2016-05-22 21:58:05'),
(411, 12, 'GILMARA MACHADO BARBOSA', '01982988380', '', '2016-05-22 21:58:06', '2016-05-22 21:58:06'),
(412, 13, 'ALMIR LIMA NASCIMENTO', '40102866368', '', '2016-05-22 21:58:06', '2016-05-22 21:58:06'),
(413, 13, 'JOANA DA SILVA BATISTA NETA', '40200930320', '', '2016-05-22 21:58:06', '2016-05-22 21:58:06'),
(414, 13, 'POLIANA MENESES', '06442967395', '', '2016-05-22 21:58:06', '2016-05-22 21:58:06'),
(415, 13, 'IOLANDA PEREIRA DOS SANTOS', '06228323369', '', '2016-05-22 21:58:06', '2016-05-22 21:58:06'),
(416, 13, 'BETINA BENTO RIBEIRO LIMA', '05886162305', '', '2016-05-22 21:58:06', '2016-05-22 21:58:06'),
(417, 13, 'GEORGE RABELO SOUSA', '05681076326', '', '2016-05-22 21:58:06', '2016-05-22 21:58:06'),
(418, 13, 'CAROLINA BEZERRA GUALBERTO', '06054537300', '', '2016-05-22 21:58:06', '2016-05-22 21:58:06'),
(419, 13, 'MARIA  IVANEIS ALVES DOS SANTOS', '67713505334', '', '2016-05-22 21:58:06', '2016-05-22 21:58:06'),
(420, 13, 'MARCONES DE OLIVEIRA ALMEIDA', '79128009304', '', '2016-05-22 21:58:06', '2016-05-22 21:58:06'),
(421, 13, 'ELIZETH RODRIGUES DA SILVA', '76605515315', '', '2016-05-22 21:58:06', '2016-05-22 21:58:06'),
(422, 13, 'SILVANA MIRANDA NASCIMENTO', '60471083348', '', '2016-05-22 21:58:06', '2016-05-22 21:58:06'),
(423, 13, 'MARIA DE FATIMA PEREIRA NASCIMENTO', '60274694395', '', '2016-05-22 21:58:06', '2016-05-22 21:58:06'),
(424, 13, 'EDILEIDE LOPES GUAJAJARA', '60273451367', '', '2016-05-22 21:58:06', '2016-05-22 21:58:06'),
(425, 13, 'ELVES SOUSA E SILVA', '56227850306', '', '2016-05-22 21:58:06', '2016-05-22 21:58:06'),
(426, 13, 'EDIVANIA ALVES MACHADO', '60273180312', '', '2016-05-22 21:58:06', '2016-05-22 21:58:06'),
(427, 13, 'ANA CLEIDE DA SILVA SANTOS', '63413906372', '', '2016-05-22 21:58:06', '2016-05-22 21:58:06'),
(428, 13, 'ELIENE COSTA SANTOS RABELO', '63193973300', '', '2016-05-22 21:58:06', '2016-05-22 21:58:06'),
(429, 13, 'GLACITANIA SOARES RABELO', '62075594368', '', '2016-05-22 21:58:06', '2016-05-22 21:58:06'),
(430, 13, 'EZEQUIAS SILVA RODRIGUES', '60892699302', '', '2016-05-22 21:58:06', '2016-05-22 21:58:06'),
(431, 13, 'SESUANGELA LOPES GUAJAJARA', '60889278369', '', '2016-05-22 21:58:06', '2016-05-22 21:58:06'),
(432, 13, 'TAINARA SOUZA PEREIRA', '01893426173', '', '2016-05-22 21:58:06', '2016-05-22 21:58:06'),
(433, 13, 'ANA MARTA DE SOUSA', '02417239302', '', '2016-05-22 21:58:06', '2016-05-22 21:58:06'),
(434, 13, 'LUCIANA SANTOS E SILVA', '02333936339', '', '2016-05-22 21:58:06', '2016-05-22 21:58:06'),
(435, 13, 'VALMIRA ALMEIDA SILVA', '02262641307', '', '2016-05-22 21:58:06', '2016-05-22 21:58:06'),
(436, 13, 'ANA REGIA LIMA DE SOUSA E SILVA', '00288263375', '', '2016-05-22 21:58:06', '2016-05-22 21:58:06'),
(437, 13, 'CELIA GONCALVES FRAZAO', '00609752375', '', '2016-05-22 21:58:06', '2016-05-22 21:58:06'),
(438, 13, 'SUELENA FERNANDES LOPES', '00561928355', '', '2016-05-22 21:58:06', '2016-05-22 21:58:06'),
(439, 13, 'CICERA DOS SANTOS CARDOSO', '00144146355', '', '2016-05-22 21:58:06', '2016-05-22 21:58:06'),
(440, 13, 'VANUIRES DE SOUSA LIMA', '01015417329', '', '2016-05-22 21:58:06', '2016-05-22 21:58:06'),
(441, 13, 'YWANNE NAIARA DE SOUSA MORAES', '04745581343', '', '2016-05-22 21:58:06', '2016-05-22 21:58:06'),
(442, 13, 'SULANE RIBEIRO LOPES GUAJAJARA', '04696998339', '', '2016-05-22 21:58:06', '2016-05-22 21:58:06'),
(443, 13, 'AMANDA LETICIA FERREIRA DA SILVA', '04463050308', '', '2016-05-22 21:58:06', '2016-05-22 21:58:06'),
(444, 13, 'RAIMUNDA FERNANDES SOUZA ALMEIDA', '04228867340', '', '2016-05-22 21:58:06', '2016-05-22 21:58:06'),
(445, 13, 'RONALDO JUAREZ PEREIRA', '03373255376', '', '2016-05-22 21:58:07', '2016-05-22 21:58:07'),
(446, 13, 'MANOEL MARIA SOUSA ARAUJO ', '03344524305', '', '2016-05-22 21:58:07', '2016-05-22 21:58:07'),
(447, 13, 'ELAIANE SILVA NOBREGA', '02848639393', '', '2016-05-22 21:58:07', '2016-05-22 21:58:07'),
(448, 13, 'CIDINEIDE BENTO AMANCIO', '02848638311', '', '2016-05-22 21:58:07', '2016-05-22 21:58:07'),
(449, 13, 'JOSEANE DE SOUSA OLIVEIRA', '04103775114', '', '2016-05-22 21:58:07', '2016-05-22 21:58:07'),
(450, 13, 'LEONEOUTON OLIVEIRA ALENCAR', '03905113317', '', '2016-05-22 21:58:07', '2016-05-22 21:58:07'),
(451, 13, 'MAIANA DA COSTA CALDAS', '03663262103', '', '2016-05-22 21:58:07', '2016-05-22 21:58:07'),
(452, 13, 'SELMA PINTO DA SILVA', '80946330344', '', '2016-05-22 21:58:07', '2016-05-22 21:58:07'),
(453, 13, 'FABIO RODRIGUES DOS REIS', '97082350325', '', '2016-05-22 21:58:07', '2016-05-22 21:58:07'),
(454, 13, 'IONILCE SOARES RABELO', '85232351320', '', '2016-05-22 21:58:07', '2016-05-22 21:58:07'),
(455, 13, 'CLEONILDES CONCEICAO DO NASCIMENTO', '81372060359', '', '2016-05-22 21:58:07', '2016-05-22 21:58:07'),
(456, 13, 'BENTO DA COSTA SILVA FILHO', '92182860304', '', '2016-05-22 21:58:07', '2016-05-22 21:58:07'),
(457, 14, 'MARIA DO SOCORRO VIANA ', '88071081353', '', '2016-05-22 21:58:07', '2016-05-22 21:58:07'),
(458, 14, 'JESSICA ANGELO DA SILVA', '05794733330', '', '2016-05-22 21:58:07', '2016-05-22 21:58:07'),
(459, 14, 'MARIA  ANIEDE BARROS DA SILVA SOUZA', '17960096368', '', '2016-05-22 21:58:07', '2016-05-22 21:58:07'),
(460, 14, 'GISSELEDESOUSAARAUJO', '64750540382', '', '2016-05-22 21:58:07', '2016-05-22 21:58:07'),
(461, 14, 'Rosilene Vieira de Sousa Lima', '63645718320', '', '2016-05-22 21:58:07', '2016-05-22 21:58:07'),
(462, 14, 'CASSIA NOEME LIMA DOS SANTOS ', '02623229350', '', '2016-05-22 21:58:07', '2016-05-22 21:58:07'),
(463, 14, 'MARIA BETANIA ANDRADE GUIMARAES', '01770429310', '', '2016-05-22 21:58:07', '2016-05-22 21:58:07'),
(464, 14, 'ANDREIA SOUSA E SILVA', '00246882310', '', '2016-05-22 21:58:07', '2016-05-22 21:58:07'),
(465, 14, 'DILMARIA DE JESUS SANTOS', '00337923302', '', '2016-05-22 21:58:07', '2016-05-22 21:58:07'),
(466, 14, 'GEREMIAS SILVA RODIGUES', '00662173341', '', '2016-05-22 21:58:07', '2016-05-22 21:58:07'),
(467, 14, 'FLAVIO SOUSA LEDA', '02543413308', '', '2016-05-22 21:58:07', '2016-05-22 21:58:07'),
(468, 14, 'ELINAEL DASILVA ALENCAR ', '02895685363', '', '2016-05-22 21:58:07', '2016-05-22 21:58:07'),
(469, 14, 'JOAO BENTO RIBEIRO FILHO', '04135241328', '', '2016-05-22 21:58:07', '2016-05-22 21:58:07'),
(470, 14, 'ANTONIA COSTA  SILVA', '03994038332', '', '2016-05-22 21:58:07', '2016-05-22 21:58:07'),
(471, 14, 'ADOAN SIRINO DA SILVA', '03646746360', '', '2016-05-22 21:58:07', '2016-05-22 21:58:07'),
(472, 15, 'RITA FILOMENA FERREIRA BRANDAO SOARES', '26889714334', '', '2016-05-22 21:58:07', '2016-05-22 21:58:07'),
(473, 15, 'RICLEIA BARROS SA', '05476934359', '', '2016-05-22 21:58:07', '2016-05-22 21:58:07'),
(474, 15, 'KRILEY DAYANNE DE OLIVEIRA ALVES', '05944476311', '', '2016-05-22 21:58:07', '2016-05-22 21:58:07'),
(475, 15, 'NAIARA PORTILHO LIMA', '06598737370', '', '2016-05-22 21:58:07', '2016-05-22 21:58:07'),
(476, 15, 'MAIANE DA SOUSA', '06459608377', '', '2016-05-22 21:58:07', '2016-05-22 21:58:07'),
(477, 15, 'CASSIA FERNANDA SILVA DOS SANTOS', '06392404376', '', '2016-05-22 21:58:07', '2016-05-22 21:58:07'),
(478, 15, 'RAYANAM DA SILVA SANTOS', '06212548358', '', '2016-05-22 21:58:07', '2016-05-22 21:58:07'),
(479, 15, 'ERICA DE SOUSA VIEIRA', '05980225382', '', '2016-05-22 21:58:07', '2016-05-22 21:58:07'),
(480, 15, 'ARTEMISSA SHARLIANE RIBEIRO SOUSA', '06812298379', '', '2016-05-22 21:58:08', '2016-05-22 21:58:08'),
(481, 15, 'DAIANE GOMES DA SILVA', '06799134320', '', '2016-05-22 21:58:08', '2016-05-22 21:58:08'),
(482, 15, 'ANDRIELA  ALVES RODRIGUES', '67117180382', '', '2016-05-22 21:58:08', '2016-05-22 21:58:08'),
(483, 15, 'ELIEUDA DE OLIVEIRA SILVA MELO', '77561473320', '', '2016-05-22 21:58:08', '2016-05-22 21:58:08'),
(484, 15, 'CELIA DA SILVA RAMALHO', '60273864360', '', '2016-05-22 21:58:08', '2016-05-22 21:58:08');
INSERT INTO `aluno` (`id`, `alu_tur_id`, `alu_nome`, `alu_cpf`, `alu_tel`, `created_at`, `updated_at`) VALUES
(485, 15, 'PAULA DE SA BARROS', '60273724355', '', '2016-05-22 21:58:08', '2016-05-22 21:58:08'),
(486, 15, 'MARLENE DA SILVA RAMOS', '56790970100', '', '2016-05-22 21:58:08', '2016-05-22 21:58:08'),
(487, 15, 'ANTONIO WILSON SOARES DO NASCIMENTO  ', '01387962388', '', '2016-05-22 21:58:08', '2016-05-22 21:58:08'),
(488, 15, 'JOANA DARQUE DA SILVA', '02319123318', '', '2016-05-22 21:58:08', '2016-05-22 21:58:08'),
(489, 15, 'ELOIDE DA SILVA  ALVES', '01871288398', '', '2016-05-22 21:58:08', '2016-05-22 21:58:08'),
(490, 15, 'CREUSENIR RODRIGUES DA SILVA', '00233906380', '', '2016-05-22 21:58:08', '2016-05-22 21:58:08'),
(491, 15, 'HUGO DELEON DA SILVA LOIOLA', '00986870340', '', '2016-05-22 21:58:08', '2016-05-22 21:58:08'),
(492, 15, 'MARIA GEANA CARDOSO DE ARAUJO', '00646470302', '', '2016-05-22 21:58:08', '2016-05-22 21:58:08'),
(493, 15, 'EDINEIDE FERREIRA LIMA', '04457807389', '', '2016-05-22 21:58:08', '2016-05-22 21:58:08'),
(494, 15, 'ANTONIO REIS SANTANA', '04783184305', '', '2016-05-22 21:58:08', '2016-05-22 21:58:08'),
(495, 15, 'SANGELA  ARAUJO OLIVEIRA', '04649908310', '', '2016-05-22 21:58:08', '2016-05-22 21:58:08'),
(496, 15, 'CINDE PORTILHO LIMA', '04611817113', '', '2016-05-22 21:58:08', '2016-05-22 21:58:08'),
(497, 15, 'VALDEIRES DE SOUSA FARIAS', '04473689310', '', '2016-05-22 21:58:08', '2016-05-22 21:58:08'),
(498, 15, 'JULLIK MARLEY MASQUITA MACHADO', '05099148379', '', '2016-05-22 21:58:08', '2016-05-22 21:58:08'),
(499, 15, 'RAIANA DA SILVA SANTOS', '05099026346', '', '2016-05-22 21:58:08', '2016-05-22 21:58:08'),
(500, 15, 'CREUSILENE CRUZ DOS SANTOS', '04909746358', '', '2016-05-22 21:58:08', '2016-05-22 21:58:08'),
(501, 15, 'DIANA ALVES CARVALHO', '02648217347', '', '2016-05-22 21:58:08', '2016-05-22 21:58:08'),
(502, 15, 'JUCELIA LIMA DA SILVA', '03491301327', '', '2016-05-22 21:58:08', '2016-05-22 21:58:08'),
(503, 15, 'LUCIANA ALVES BELFORT', '99448904304', '', '2016-05-22 21:58:08', '2016-05-22 21:58:08'),
(504, 15, 'MARIA LEOMAR PEREIRA SILVA', '97943070330', '', '2016-05-22 21:58:08', '2016-05-22 21:58:08'),
(505, 15, 'IVANETE XAVIER ALBUQUERQUE', '84832746391', '', '2016-05-22 21:58:08', '2016-05-22 21:58:08'),
(506, 15, 'DEUZIANE BATISTA RAMALHO', '90869680315', '', '2016-05-22 21:58:08', '2016-05-22 21:58:08'),
(507, 15, 'EDILSON PEREIRA ALVES', '90322630304', '', '2016-05-22 21:58:08', '2016-05-22 21:58:08'),
(508, 15, 'ANA DA SILVA FERREIRA', '89235347300', '', '2016-05-22 21:58:08', '2016-05-22 21:58:08'),
(509, 15, 'BERENICE DOS SANTOS OLIVEIRA', '95629327372', '', '2016-05-22 21:58:08', '2016-05-22 21:58:08'),
(510, 15, 'SABINA MARIA DA SILVA RIBEIRO', '95090630372', '', '2016-05-22 21:58:08', '2016-05-22 21:58:08'),
(511, 16, 'JOELMA DE SOUSA MARTINS              ', '01159383383', '', '2016-05-22 21:58:08', '2016-05-22 21:58:08'),
(512, 16, 'EDIVALDO ARAUJO FERREIRA             ', '90459490168', '', '2016-05-22 21:58:08', '2016-05-22 21:58:08'),
(513, 16, 'ALBERTINA DE CARVALHO SOUSA          ', '01006087362', '', '2016-05-22 21:58:09', '2016-05-22 21:58:09'),
(514, 16, 'ANA LAURA  ALVES OLIVEIRA            ', '01617987131', '', '2016-05-22 21:58:09', '2016-05-22 21:58:09'),
(515, 16, 'FABIOLA SANTOS LIMA DE OLIVEIRA      ', '99301890330', '', '2016-05-22 21:58:09', '2016-05-22 21:58:09'),
(516, 16, 'MAYRA OLIVEIRA SILVA                 ', '02630701310', '', '2016-05-22 21:58:09', '2016-05-22 21:58:09'),
(517, 16, 'FRANCISCO DAVI MENDES DA SILVA       ', '01660221366', '', '2016-05-22 21:58:09', '2016-05-22 21:58:09'),
(518, 16, 'MARIA ITELVINA RESPLANDES GOMES      ', '21639450300', '', '2016-05-22 21:58:09', '2016-05-22 21:58:09'),
(519, 16, 'ANTONIO WESLEY GOMES DE AMORIM SANTOS', '04585815180', '', '2016-05-22 21:58:09', '2016-05-22 21:58:09'),
(520, 16, 'JACQUELINE BARBOSA OLIVEIRA BRITO    ', '95103082349', '', '2016-05-22 21:58:09', '2016-05-22 21:58:09'),
(521, 16, 'DULCILEIA RODRIGUES DA SILVA         ', '94773823372', '', '2016-05-22 21:58:09', '2016-05-22 21:58:09'),
(522, 16, 'LUTIANA PEREIRA DE CARVALHO          ', '60258537388', '', '2016-05-22 21:58:09', '2016-05-22 21:58:09'),
(523, 16, 'KELIANNA QUEIROZ COSTA               ', '99386100304', '', '2016-05-22 21:58:09', '2016-05-22 21:58:09'),
(524, 16, 'MARIA SELMA PEREIRA DA ROCHA         ', '01638228329', '', '2016-05-22 21:58:09', '2016-05-22 21:58:09'),
(525, 16, 'LUCIANE BEZERRA BARBOSA              ', '02887515314', '', '2016-05-22 21:58:09', '2016-05-22 21:58:09'),
(526, 16, 'MARIA SIMONE SANTOS DIAS             ', '28253256353', '', '2016-05-22 21:58:09', '2016-05-22 21:58:09'),
(527, 16, 'FRANNCISCO DE PAULO SOUSA SILVA      ', '02846208310', '', '2016-05-22 21:58:09', '2016-05-22 21:58:09'),
(528, 16, 'TICIANE DE OLIVEIRA MELO             ', '64215075300', '', '2016-05-22 21:58:09', '2016-05-22 21:58:09'),
(529, 16, 'LUCIANA DE JESUS FURTADO FERNANDES   ', '85627275391', '', '2016-05-22 21:58:09', '2016-05-22 21:58:09'),
(530, 17, 'ITAMARA MARIA GONCALVES VIANA', '95927506372', '', '2016-05-22 21:58:09', '2016-05-22 21:58:09'),
(531, 17, 'ALIDES SILVA C               ', '01635406323', '', '2016-05-22 21:58:09', '2016-05-22 21:58:09'),
(532, 17, 'ELIKA BARROS PINHEIRO        ', '01529053323', '', '2016-05-22 21:58:09', '2016-05-22 21:58:09'),
(533, 17, 'KEDIMA MIRANDA DE SOUSA      ', '60168309335', '', '2016-05-22 21:58:09', '2016-05-22 21:58:09'),
(534, 17, 'ZAIRA CRISTINA R ARAUJO', '60166998370', '', '2016-05-22 21:58:09', '2016-05-22 21:58:09'),
(535, 17, 'SOLANGE CARVALHO ALVES SILVA', '60602575346', '', '2016-05-22 21:58:09', '2016-05-22 21:58:09'),
(536, 17, 'IANNATHAN MARINHO DE SOUSA', '05827768308', '', '2016-05-22 21:58:09', '2016-05-22 21:58:09'),
(537, 17, 'RAIMUNDO MACHADO DE CARVALHO', '29044715372', '', '2016-05-22 21:58:09', '2016-05-22 21:58:09'),
(538, 17, 'MARIA JOELMA FERNANDES DE SOUSA', '05473024360', '', '2016-05-22 21:58:09', '2016-05-22 21:58:09'),
(539, 17, 'DAYCE CARVALHO MOTA SANTOS', '60870077333', '', '2016-05-22 21:58:09', '2016-05-22 21:58:09'),
(540, 17, 'JOYCE BATISTA DE OLIVEIRA', '01558128310', '', '2016-05-22 21:58:09', '2016-05-22 21:58:09'),
(541, 17, 'VANUSIA MORAIS DASILVA', '00861547373', '', '2016-05-22 21:58:09', '2016-05-22 21:58:09'),
(542, 17, 'EURIANA DO NASCIMENTO RAPOSO', '00751975370', '', '2016-05-22 21:58:09', '2016-05-22 21:58:09'),
(543, 17, 'ISABEL LILIAN DO NASCIMENTO BARBOSA', '04834030326', '', '2016-05-22 21:58:09', '2016-05-22 21:58:09'),
(544, 17, 'LORRANA DOS REIS SANTOS', '04425595343', '', '2016-05-22 21:58:09', '2016-05-22 21:58:09'),
(545, 17, 'CARLIANA SANTOS GALVAO', '04897155320', '', '2016-05-22 21:58:09', '2016-05-22 21:58:09'),
(546, 17, 'RITA DE CASSIA DO NASCIMENTO RAPOSO', '04868958313', '', '2016-05-22 21:58:09', '2016-05-22 21:58:09'),
(547, 17, 'ELZA DE SOUSA MILHOMEM', '03433341354', '', '2016-05-22 21:58:09', '2016-05-22 21:58:09'),
(548, 17, 'MAIARA MARCIEL BATISTA VIANA', '03214438379', '', '2016-05-22 21:58:10', '2016-05-22 21:58:10'),
(549, 17, 'ALBERTA SILVA PINHEIRO', '04206958343', '', '2016-05-22 21:58:10', '2016-05-22 21:58:10'),
(550, 17, 'LINDAURA AMORIM CARVALHO', '03474341340', '', '2016-05-22 21:58:10', '2016-05-22 21:58:10'),
(551, 17, 'GABRIEL MARCIEL EVANGELISTA', '02999947321', '', '2016-05-22 21:58:10', '2016-05-22 21:58:10'),
(552, 17, 'LUCILIA FEITOSA DA SILVA', '04137365393', '', '2016-05-22 21:58:10', '2016-05-22 21:58:10'),
(553, 17, 'IRACELMA DACOSTA M CARVALHO', '03719247317', '', '2016-05-22 21:58:10', '2016-05-22 21:58:10'),
(554, 17, 'SEBASTIANA DE MIRANDA SILVA', '93647433187', '', '2016-05-22 21:58:10', '2016-05-22 21:58:10'),
(555, 17, 'TEREZINHA SOUSA DA SILVA', '99869799353', '', '2016-05-22 21:58:10', '2016-05-22 21:58:10'),
(556, 17, 'LEDIANE PEREIRA OLIVEIRA', '98704613368', '', '2016-05-22 21:58:10', '2016-05-22 21:58:10'),
(557, 17, 'RAIMUNDINHA BANDEIRA COELHO FREITAS', '03936981302', '', '2016-05-22 21:58:10', '2016-05-22 21:58:10'),
(558, 18, 'ILDENI SANTOS PONTES', '28245610330', '', '2016-05-22 21:58:10', '2016-05-22 21:58:10'),
(559, 18, 'VANESSA BARRA NASCIMENTO', '06748048303', '', '2016-05-22 21:58:10', '2016-05-22 21:58:10'),
(560, 18, 'NILBETH NASCIMENTO SOUSA', '11442992760', '', '2016-05-22 21:58:10', '2016-05-22 21:58:10'),
(561, 18, 'LEONILSON SOUSA ALVES', '68527209268', '', '2016-05-22 21:58:10', '2016-05-22 21:58:10'),
(562, 18, 'TATIANA SENA  ASSIS', '00077174313', '', '2016-05-22 21:58:10', '2016-05-22 21:58:10'),
(563, 18, 'ALCENIRA JOZINA DE ARAUJO', '72414464372', '', '2016-05-22 21:58:10', '2016-05-22 21:58:10'),
(564, 18, 'VALDIRENE FERREIRA DA CONCEICAO', '64152251387', '', '2016-05-22 21:58:10', '2016-05-22 21:58:10'),
(565, 18, 'MARIA ELIMAR DE CASTRO', '63885778300', '', '2016-05-22 21:58:10', '2016-05-22 21:58:10'),
(566, 18, 'KATHLEEN KEROLLAYNE SILVA COSTA OLIVEIRA', '61083668340', '', '2016-05-22 21:58:10', '2016-05-22 21:58:10'),
(567, 18, 'ROBERTA DE ARAUJO SOUZA', '60767991370', '', '2016-05-22 21:58:10', '2016-05-22 21:58:10'),
(568, 18, 'CRISTIANE ALVES DE SOUSA', '01887945300', '', '2016-05-22 21:58:10', '2016-05-22 21:58:10'),
(569, 18, 'ADRIANA FERREIRA ARAUJO PEREIRE', '01447117379', '', '2016-05-22 21:58:10', '2016-05-22 21:58:10'),
(570, 18, 'GESILENE MATIAS DE SOUSA', '02304352111', '', '2016-05-22 21:58:10', '2016-05-22 21:58:10'),
(571, 18, 'ELIENE DA CONCEICAO SOUZA', '00614514363', '', '2016-05-22 21:58:10', '2016-05-22 21:58:10'),
(572, 18, 'DJALMA SOARES CHAGAS FILHO', '04417355339', '', '2016-05-22 21:58:10', '2016-05-22 21:58:10'),
(573, 18, 'MARIA DE FATIMA DA SILVA DOS SANTOS', '04362786341', '', '2016-05-22 21:58:10', '2016-05-22 21:58:10'),
(574, 18, 'EULANIA ALVES DE SOUSA', '04358963340', '', '2016-05-22 21:58:10', '2016-05-22 21:58:10'),
(575, 18, 'JESSICA STTFF PEREIRA MELO', '04347029357', '', '2016-05-22 21:58:10', '2016-05-22 21:58:10'),
(576, 18, 'FLAVIANA GOMES PEREIRA', '03279703328', '', '2016-05-22 21:58:10', '2016-05-22 21:58:10'),
(577, 18, 'VANESSA DA SILVA QUEIROZ', '04584866392', '', '2016-05-22 21:58:10', '2016-05-22 21:58:10'),
(578, 18, 'POLYANA NONATA DA SILVA DUARTE', '04697225333', '', '2016-05-22 21:58:10', '2016-05-22 21:58:10'),
(579, 18, 'MARLIZETE ALVES DA SILVA', '03865172318', '', '2016-05-22 21:58:10', '2016-05-22 21:58:10'),
(580, 18, 'NUBIA  JARDIM DA SILVA', '01984685120', '', '2016-05-22 21:58:10', '2016-05-22 21:58:10'),
(581, 18, 'LUZINEIDE  BARBOSA OLIVEIRA', '43749267391', '', '2016-05-22 21:58:10', '2016-05-22 21:58:10'),
(582, 18, 'MARCIA REJANE DESOUSA SOARES ', '84485442349', '', '2016-05-22 21:58:10', '2016-05-22 21:58:10'),
(583, 18, 'LOURANY RODRIGUES SILVA', '92734049368', '', '2016-05-22 21:58:10', '2016-05-22 21:58:10'),
(584, 18, 'ANA MARIA SOUSA DA SILVA', '90027620387', '', '2016-05-22 21:58:11', '2016-05-22 21:58:11'),
(585, 18, 'RUTH GEREMIAS DE OLIVEIRA', '01556933363', '', '2016-05-22 21:58:11', '2016-05-22 21:58:11'),
(586, 18, 'RAQUEL SANTOS MELO', '60282731393', '', '2016-05-22 21:58:11', '2016-05-22 21:58:11'),
(587, 19, 'IRIS DE MORAES SJUNIOR', '76023540104', '', '2016-05-22 21:58:11', '2016-05-22 21:58:11'),
(588, 19, 'DANIELE PEREIRA DA SILVA', '02463880309', '', '2016-05-22 21:58:11', '2016-05-22 21:58:11'),
(589, 19, 'CAMILA SILVA DEOLIVEIRA', '04171825385', '', '2016-05-22 21:58:11', '2016-05-22 21:58:11'),
(590, 19, 'GLEIDE VANIA DA SILVA PINHEIRO', '00386931356', '', '2016-05-22 21:58:11', '2016-05-22 21:58:11'),
(591, 19, 'ERINALVA RIBEIRO DE SOUSA', '41299132391', '', '2016-05-22 21:58:11', '2016-05-22 21:58:11'),
(592, 19, 'KLEBERSON LUIS SILVA PEREIRA', '94564957104', '', '2016-05-22 21:58:11', '2016-05-22 21:58:11'),
(593, 19, 'MARIA DA PAZ PEREIRA DA SILVA', '34621261304', '', '2016-05-22 21:58:11', '2016-05-22 21:58:11'),
(594, 19, 'GILCELIA SIPIAO CHAVES', '96456442320', '', '2016-05-22 21:58:11', '2016-05-22 21:58:11'),
(595, 19, 'ELIUDE CARVALHO SOUSA', '99919931349', '', '2016-05-22 21:58:11', '2016-05-22 21:58:11'),
(596, 19, 'GERINALVA BORGES DA SILVA', '01456374338', '', '2016-05-22 21:58:11', '2016-05-22 21:58:11'),
(597, 19, 'ELDA GOMES DE SOUSA', '00417167369', '', '2016-05-22 21:58:11', '2016-05-22 21:58:11'),
(598, 20, 'MARIA DAS GRACAS DE LIMA SOUZA', '33389268391', '', '2016-05-22 21:58:11', '2016-05-22 21:58:11'),
(599, 20, 'MARIA DO ESPIRITO SANTO DE SOUSA SILVA', '40213064391', '', '2016-05-22 21:58:11', '2016-05-22 21:58:11'),
(600, 20, 'MARIA ANTONIA BRAGA DE BRITO SILVA', '26878003334', '', '2016-05-22 21:58:11', '2016-05-22 21:58:11'),
(601, 20, 'MARIA PEREIRA SOUZA', '15884996349', '', '2016-05-22 21:58:11', '2016-05-22 21:58:11'),
(602, 20, 'JONATAS NOBRE DE MESQUITA', '13797727372', '', '2016-05-22 21:58:11', '2016-05-22 21:58:11'),
(603, 20, 'MARIA LUCIA BARROS SOUSA', '13481282320', '', '2016-05-22 21:58:11', '2016-05-22 21:58:11'),
(604, 20, 'ALESSANDRA MORAES DA SILVA', '67257208387', '', '2016-05-22 21:58:11', '2016-05-22 21:58:11'),
(605, 20, 'JOSIMAR FARIAS CANTANHEDE', '58671153215', '', '2016-05-22 21:58:11', '2016-05-22 21:58:11'),
(606, 20, 'LUZIANNE AZEVEDO DASILVA', '60800102320', '', '2016-05-22 21:58:11', '2016-05-22 21:58:11'),
(607, 20, 'RICARDO CRISTIAN VIEIRA DA SILVA', '01741059321', '', '2016-05-22 21:58:11', '2016-05-22 21:58:11'),
(608, 20, 'MARCIA MONTEIRO OLIVEIRA', '00553911333', '', '2016-05-22 21:58:11', '2016-05-22 21:58:11'),
(609, 20, 'ANTONIA UELMA SILVA  BARROS LIMA', '04875152345', '', '2016-05-22 21:58:11', '2016-05-22 21:58:11'),
(610, 20, 'JOAO PAIVA LEITAO NETO', '03754423169', '', '2016-05-22 21:58:11', '2016-05-22 21:58:11'),
(611, 20, 'SANDRA  CONCEICAO DE MORAIS', '83628339391', '', '2016-05-22 21:58:11', '2016-05-22 21:58:11'),
(612, 20, 'ANTONIA NEIDE ALVES M DA SILVA', '91934940330', '', '2016-05-22 21:58:11', '2016-05-22 21:58:11'),
(613, 20, 'VALDIRENE OLIVEIRA E SILVA', '91784891304', '', '2016-05-22 21:58:11', '2016-05-22 21:58:11'),
(614, 20, 'VANILDA DE SOUSA MARCIEL LIMA', '86697897368', '', '2016-05-22 21:58:11', '2016-05-22 21:58:11'),
(615, 21, 'JEANY RIBEIRO ARAUJO PEREIRA', '90500938334', '', '2016-05-22 21:58:11', '2016-05-22 21:58:11'),
(616, 21, 'EDILEUDE FERNANDES AZEVEDO', '62615726315', '', '2016-05-22 21:58:11', '2016-05-22 21:58:11'),
(617, 21, 'KELLEN CANELA R SILVA', '77221354391', '', '2016-05-22 21:58:11', '2016-05-22 21:58:11'),
(618, 21, 'RUITER SILVA  AMAZONAS', '29113547372', '', '2016-05-22 21:58:11', '2016-05-22 21:58:11'),
(619, 21, 'ANA DALVA GOMES COSTA', '17726832304', '', '2016-05-22 21:58:12', '2016-05-22 21:58:12'),
(620, 21, 'RAQUEL ESTRELA LIMA SANTOS', '61484024320', '', '2016-05-22 21:58:12', '2016-05-22 21:58:12'),
(621, 21, 'MARINETE SANTOS MATOS', '25439375368', '', '2016-05-22 21:58:12', '2016-05-22 21:58:12'),
(622, 21, 'MARIA DE FATIMA PEREIRA', '27197824320', '', '2016-05-22 21:58:12', '2016-05-22 21:58:12'),
(623, 21, 'ELIANE RODRIGUES GORGE', '25066803300', '', '2016-05-22 21:58:12', '2016-05-22 21:58:12'),
(624, 21, 'MARILENE CALISTO SILVA', '27211428368', '', '2016-05-22 21:58:12', '2016-05-22 21:58:12'),
(625, 21, 'RAIMUNDO NONATO DOS SANTOS ', '24304522353', '', '2016-05-22 21:58:12', '2016-05-22 21:58:12'),
(626, 21, 'VANIA LUCIA RODRIGUES DA COSTA', '94448299368', '', '2016-05-22 21:58:12', '2016-05-22 21:58:12'),
(627, 21, 'JANAINA SILVA SA', '52382583304', '', '2016-05-22 21:58:12', '2016-05-22 21:58:12'),
(628, 21, 'CRISTIANE RODRIGUES NASCIMENTO', '69246050363', '', '2016-05-22 21:58:12', '2016-05-22 21:58:12'),
(629, 21, 'SANDRA   LUISA   MILHOMEM', '71580123368', '', '2016-05-22 21:58:12', '2016-05-22 21:58:12'),
(630, 21, 'FRANCIKLEY SILVA DE SOUZA', '62633694349', '', '2016-05-22 21:58:12', '2016-05-22 21:58:12'),
(631, 21, 'LINDAURA CARDOSO LUCENA', '33357145391', '', '2016-05-22 21:58:12', '2016-05-22 21:58:12'),
(632, 21, 'DULCIMAR LIMA DA COSTA ARAUJO', '80695574353', '', '2016-05-22 21:58:12', '2016-05-22 21:58:12'),
(633, 21, 'ALDENIRA DOS SANTOS BRITO', '16784693272', '', '2016-05-22 21:58:12', '2016-05-22 21:58:12'),
(634, 21, 'DANYELE CAMPOS LEANDRO DA SILVA', '00656050390', '', '2016-05-22 21:58:12', '2016-05-22 21:58:12'),
(635, 21, 'FRANCINILADA DE SOUSA NASCIMENTO', '01878868306', '', '2016-05-22 21:58:12', '2016-05-22 21:58:12'),
(636, 21, 'SILVIO PEREIRA MATOS', '32887205315', '', '2016-05-22 21:58:12', '2016-05-22 21:58:12'),
(637, 21, 'MARIA GORETH SOUSA S SILVA', '28238770378', '', '2016-05-22 21:58:12', '2016-05-22 21:58:12'),
(638, 21, 'FRANCISCO AMANCIO', '48718750320', '', '2016-05-22 21:58:12', '2016-05-22 21:58:12'),
(639, 21, 'MARIA COSTA OLIVEIRA', '22379045100', '', '2016-05-22 21:58:12', '2016-05-22 21:58:12'),
(640, 21, 'ALAIRES DA CONCEICAO SOUSA', '75389959353', '', '2016-05-22 21:58:12', '2016-05-22 21:58:12'),
(641, 21, 'JERIMARIO MACEDO', '01039213383', '', '2016-05-22 21:58:12', '2016-05-22 21:58:12'),
(642, 21, 'BRUNA RAFAELA MARTINS DIAS', '61559227303', '', '2016-05-22 21:58:12', '2016-05-22 21:58:12'),
(643, 21, 'DELSON DE JESUS C CORREIA', '57153329315', '', '2016-05-22 21:58:12', '2016-05-22 21:58:12'),
(644, 21, 'ADRIEL OLIVEIRA DOS SANTOS', '91933951320', '', '2016-05-22 21:58:12', '2016-05-22 21:58:12'),
(645, 21, 'ADRIANA DE LIMA SOUSA', '61465302395', '', '2016-05-22 21:58:12', '2016-05-22 21:58:12'),
(646, 21, 'WANDRYS NASCIMENTO DE SOUSA', '60056839340', '', '2016-05-22 21:58:12', '2016-05-22 21:58:12'),
(647, 21, 'JANIO DE OLIVEIRA VERRISSIMO', '92965261400', '', '2016-05-22 21:58:12', '2016-05-22 21:58:12'),
(648, 21, 'VANDA LUCIA DE SOUSA FIALHO', '80727581368', '', '2016-05-22 21:58:12', '2016-05-22 21:58:12'),
(649, 21, 'DANILA GOMES DA SILVA OMIZZOLO', '01720545324', '', '2016-05-22 21:58:12', '2016-05-22 21:58:12'),
(650, 21, 'JOSE FERNANDES DE MOURE', '15839389315', '', '2016-05-22 21:58:12', '2016-05-22 21:58:12'),
(651, 21, 'ADAILDO PEREIRA', '44887175272', '', '2016-05-22 21:58:12', '2016-05-22 21:58:12'),
(652, 21, 'LENILDA COSTA SILVA', '75611562353', '', '2016-05-22 21:58:12', '2016-05-22 21:58:12'),
(653, 21, 'RUBERNILTON DOS SANTOS ', '51042339287', '', '2016-05-22 21:58:12', '2016-05-22 21:58:12'),
(654, 21, 'MARIA DE FATIMA  ARAUJO NASCIMENTO ', '10121030300', '', '2016-05-22 21:58:13', '2016-05-22 21:58:13'),
(655, 21, 'JOSE FRANCILDO GOMES', '85805084368', '', '2016-05-22 21:58:13', '2016-05-22 21:58:13'),
(656, 21, 'JOSE DE RIBAMAR ALMEIDA LIRA JUNIO', '82477183320', '', '2016-05-22 21:58:13', '2016-05-22 21:58:13'),
(657, 21, 'LYA AGUIAR DOS SANTOS', '65001958334', '', '2016-05-22 21:58:13', '2016-05-22 21:58:13'),
(658, 21, 'JUSCILEIA DE SOUZA FREITAS A GOMES ', '75272890310', '', '2016-05-22 21:58:13', '2016-05-22 21:58:13'),
(659, 22, 'SUSANA JAMYLA  DA SILVA OLIVEIRA', '01233005332', '', '2016-05-22 21:58:13', '2016-05-22 21:58:13'),
(660, 22, 'DEUSIRENE PEREIRA DE OLIVEIRA', '03256955398', '', '2016-05-22 21:58:13', '2016-05-22 21:58:13'),
(661, 22, 'ROSIRENE NUNES RIBEIRO', '36556653349', '', '2016-05-22 21:58:13', '2016-05-22 21:58:13'),
(662, 22, 'ISLANY MARIA ESCORCIO ARAUJO ', '61079942386', '', '2016-05-22 21:58:13', '2016-05-22 21:58:13'),
(663, 22, 'EDILENE PEREIRA ROCHA', '82952760349', '', '2016-05-22 21:58:13', '2016-05-22 21:58:13'),
(664, 22, 'DARLE ANA DA SILVA BARROS', '60814354319', '', '2016-05-22 21:58:13', '2016-05-22 21:58:13'),
(665, 22, 'ENEDINA EUGENIA SOUSA DE OLIVEIRA ', '32104715334', '', '2016-05-22 21:58:13', '2016-05-22 21:58:13'),
(666, 22, 'ELRIANE COSTA DE ANDRADE', '02492291103', '', '2016-05-22 21:58:13', '2016-05-22 21:58:13'),
(667, 22, 'BRENDA LIMA SOUSA', '05894547300', '', '2016-05-22 21:58:13', '2016-05-22 21:58:13'),
(668, 22, 'RICARDO PIRANGI LIMA', '02240927313', '', '2016-05-22 21:58:13', '2016-05-22 21:58:13'),
(669, 22, 'RUBENILDE FERREIRA CORREA DE SOUSA', '98594206372', '', '2016-05-22 21:58:13', '2016-05-22 21:58:13'),
(670, 22, 'FRANCISCA OLISANGELA C A BAILEY', '02754253394', '', '2016-05-22 21:58:13', '2016-05-22 21:58:13'),
(671, 22, 'RUAN LABRE GABRIEL DA SILVA ', '03959854390', '', '2016-05-22 21:58:13', '2016-05-22 21:58:13'),
(672, 22, 'LUCIANA  ALVES DO NASCIMENTO', '06213577319', '', '2016-05-22 21:58:13', '2016-05-22 21:58:13'),
(673, 22, 'RAINE DE SOUSA FRANCO', '04409792342', '', '2016-05-22 21:58:13', '2016-05-22 21:58:13'),
(674, 22, 'LUCIANA DA SILVA LIMA', '00581128397', '', '2016-05-22 21:58:13', '2016-05-22 21:58:13'),
(675, 22, 'LARISSA SAMPAIO SANTANA', '03730822314', '', '2016-05-22 21:58:13', '2016-05-22 21:58:13'),
(676, 22, 'ELIANE OLIVEIRA DE QUEIROZ', '78535468315', '', '2016-05-22 21:58:13', '2016-05-22 21:58:13'),
(677, 22, 'KLICYANE ALVES LIMA', '00940036371', '', '2016-05-22 21:58:13', '2016-05-22 21:58:13'),
(678, 22, 'CARLEANY SOBRAL SOUSA DE OLIVEIRA ', '60730019322', '', '2016-05-22 21:58:13', '2016-05-22 21:58:13'),
(679, 22, 'MARIA GILDERLANE DA ROCHA REIS', '60180264303', '', '2016-05-22 21:58:13', '2016-05-22 21:58:13'),
(680, 22, 'JACIANE DE BRITO CAVALCANTE', '02561811360', '', '2016-05-22 21:58:13', '2016-05-22 21:58:13'),
(681, 22, 'DHESSYCA PEREIRA DE MELO', '05737760324', '', '2016-05-22 21:58:13', '2016-05-22 21:58:13'),
(682, 22, 'LUANA NONATA DA S PEDROSA', '04263181379', '', '2016-05-22 21:58:14', '2016-05-22 21:58:14'),
(683, 22, 'MARIA  APARECIDA MACHADO HERENIO', '48744204353', '', '2016-05-22 21:58:14', '2016-05-22 21:58:14'),
(684, 22, 'JOSELMA SOUSA SILVA', '79181848315', '', '2016-05-22 21:58:14', '2016-05-22 21:58:14'),
(685, 22, 'ILENILDE DOS SANTOS NOLETO', '52304060382', '', '2016-05-22 21:58:14', '2016-05-22 21:58:14'),
(686, 22, 'JULIANA COSTA OLIVEIRA', '07610330922', '', '2016-05-22 21:58:14', '2016-05-22 21:58:14'),
(687, 23, 'RAIFRAN GOMES MOURA', '93731396300', '', '2016-05-22 21:58:14', '2016-05-22 21:58:14'),
(688, 23, 'SELMA PORTO FREITAS', '01803257369', '', '2016-05-22 21:58:14', '2016-05-22 21:58:14'),
(689, 23, 'FABIANA DE SOUZA SIQUEIRA', '02563352304', '', '2016-05-22 21:58:14', '2016-05-22 21:58:14'),
(690, 23, 'MARINA CARNEIRO DE SOUZA DE ALMEIDA', '65898591320', '', '2016-05-22 21:58:14', '2016-05-22 21:58:14'),
(691, 23, 'GLEYCIANE RAPOZO ASSUNCAO RODRIGUES', '98703617300', '', '2016-05-22 21:58:14', '2016-05-22 21:58:14'),
(692, 23, 'EDVANE DOS SANTOS LIMA', '00290380308', '', '2016-05-22 21:58:14', '2016-05-22 21:58:14'),
(693, 23, 'JAIRES DOS REIS CARVALHO', '60649159357', '', '2016-05-22 21:58:14', '2016-05-22 21:58:14'),
(694, 23, 'ANTONIO PEDRO CARVALHO DA HORA', '60648495337', '', '2016-05-22 21:58:14', '2016-05-22 21:58:14'),
(695, 23, 'ADRIANA OLIVEIRA DE JESUS', '84118270382', '', '2016-05-22 21:58:14', '2016-05-22 21:58:14'),
(696, 23, 'MARIA DO ROZARIO LEMO DA SILVA', '00110058313', '', '2016-05-22 21:58:14', '2016-05-22 21:58:14'),
(697, 23, 'CARLOS ALEXANDRE ASSUNCAO SILVA', '60821417339', '', '2016-05-22 21:58:14', '2016-05-22 21:58:14'),
(698, 23, 'ELEN LORENNA BRITO DE PAULO', '60757352324', '', '2016-05-22 21:58:14', '2016-05-22 21:58:14'),
(699, 23, 'NELIA PAULA SILVA DE SOUSA', '02381172351', '', '2016-05-22 21:58:14', '2016-05-22 21:58:14'),
(700, 23, 'IRACY FERNANDES SANTOS', '27072100300', '', '2016-05-22 21:58:14', '2016-05-22 21:58:14'),
(701, 23, 'ANA DANIELY DE SOUSA NASCIMENTO', '04729291352', '', '2016-05-22 21:58:14', '2016-05-22 21:58:14'),
(702, 23, 'BRUNO EDUARDO SILVA SOLSA', '60868700398', '', '2016-05-22 21:58:14', '2016-05-22 21:58:14'),
(703, 23, 'ALESSANDRA CARLOS GONGALVES', '60674528395', '', '2016-05-22 21:58:14', '2016-05-22 21:58:14'),
(704, 23, 'EDILENE FERREIRA DA SILVA', '02089005513', '', '2016-05-22 21:58:14', '2016-05-22 21:58:14'),
(705, 23, 'ANTONIA ELIZA FERREIRA DE SOUSA', '60639992307', '', '2016-05-22 21:58:14', '2016-05-22 21:58:14'),
(706, 23, 'LUANA MIRELI FERREIRA DE SOUSA ', '60639976360', '', '2016-05-22 21:58:14', '2016-05-22 21:58:14'),
(707, 23, 'LIDIA BATISTA MENEZES', '04646907305', '', '2016-05-22 21:58:14', '2016-05-22 21:58:14'),
(708, 23, 'LIDIA BORGES ARAUJO SILVA', '60283544309', '', '2016-05-22 21:58:14', '2016-05-22 21:58:14'),
(709, 23, 'FRANCIVALDO RAMOS DOS SANTOS', '06084954332', '', '2016-05-22 21:58:14', '2016-05-22 21:58:14'),
(710, 23, 'EDSON BARBOSA SILVA', '02501226348', '', '2016-05-22 21:58:14', '2016-05-22 21:58:14'),
(711, 23, 'JUCILEIDE SALES DOS SANTOS', '02871626308', '', '2016-05-22 21:58:14', '2016-05-22 21:58:14'),
(712, 23, 'KEILA MENEZES BATISTA', '05222886344', '', '2016-05-22 21:58:14', '2016-05-22 21:58:14'),
(713, 23, 'LEIRIANE NASCIMENTO BRANDAO', '02403301370', '', '2016-05-22 21:58:14', '2016-05-22 21:58:14'),
(714, 23, 'KARLA KAIRELLI SILVEIRA DE SOUSA', '01685004504', '', '2016-05-22 21:58:14', '2016-05-22 21:58:14'),
(715, 23, 'ADINALVA DA SILVA RIBEIRO AMARAL', '02643039386', '', '2016-05-22 21:58:14', '2016-05-22 21:58:14'),
(716, 23, 'JARLENE DE SOUSA', '01001732332', '', '2016-05-22 21:58:14', '2016-05-22 21:58:14'),
(717, 23, 'SUELY OLIVEIRA DA SILVA', '03585256325', '', '2016-05-22 21:58:15', '2016-05-22 21:58:15'),
(718, 23, 'CARLA DINIZ  ARAUJO', '60916161374', '', '2016-05-22 21:58:15', '2016-05-22 21:58:15'),
(719, 23, 'FRANCISCA OLIVEIRA DE SANTANA', '00834370379', '', '2016-05-22 21:58:15', '2016-05-22 21:58:15'),
(720, 23, 'MAGNA PEREIRA DA SLIVA FERREIRA', '02146859342', '', '2016-05-22 21:58:15', '2016-05-22 21:58:15'),
(721, 23, 'FERNADA CORDEIRO PORTO', '06412966307', '', '2016-05-22 21:58:15', '2016-05-22 21:58:15'),
(722, 23, 'EDISON RODRIGUES DA SILVA', '60678078319', '', '2016-05-22 21:58:15', '2016-05-22 21:58:15'),
(723, 23, 'VALTEIR DA SILVA', '02446415369', '', '2016-05-22 21:58:15', '2016-05-22 21:58:15'),
(724, 23, 'FABIO JOSE SOUSA CONCEICAO', '00298276399', '', '2016-05-22 21:58:15', '2016-05-22 21:58:15'),
(725, 24, 'ALDERINA FRANCO BARROS', '28562860115', '', '2016-05-22 21:58:15', '2016-05-22 21:58:15'),
(726, 24, 'ANTONIA DE ARAUJO RODRIGUES', '41289773300', '', '2016-05-22 21:58:15', '2016-05-22 21:58:15'),
(727, 24, 'MARINALVA NUNES DE SOUSA', '40219690391', '', '2016-05-22 21:58:15', '2016-05-22 21:58:15'),
(728, 24, 'IVONETE PEREIRA SOUSA BANDEIRA', '26369923168', '', '2016-05-22 21:58:15', '2016-05-22 21:58:15'),
(729, 24, 'KAREN DE ALMEIDA DE OLIVEIRA', '70943184134', '', '2016-05-22 21:58:15', '2016-05-22 21:58:15'),
(730, 24, 'LUCE MARIA CARNEIRO DOS SANTOS', '64640353200', '', '2016-05-22 21:58:15', '2016-05-22 21:58:15'),
(731, 24, 'SILVIO CESAR SANT ANA', '73442585368', '', '2016-05-22 21:58:15', '2016-05-22 21:58:15'),
(732, 24, 'MARCONE DO NASCIMENTO FERRREIRA', '60409063320', '', '2016-05-22 21:58:15', '2016-05-22 21:58:15'),
(733, 24, 'GIRLANE DOS SANTOS BARROS', '01850287139', '', '2016-05-22 21:58:15', '2016-05-22 21:58:15'),
(734, 24, 'MARIA DE FATIMA SOUSA LIMA', '01744788367', '', '2016-05-22 21:58:15', '2016-05-22 21:58:15'),
(735, 24, 'MARLENE SILVA GONCALVES', '02506161309', '', '2016-05-22 21:58:15', '2016-05-22 21:58:15'),
(736, 24, 'ALEX PEREIRADESOUSA', '02486647350', '', '2016-05-22 21:58:15', '2016-05-22 21:58:15'),
(737, 24, 'IRACY LOPES DOS SANTOS', '02392341389', '', '2016-05-22 21:58:15', '2016-05-22 21:58:15'),
(738, 24, 'MARINA SOUSA MIRANDA ARAUJO', '02254583301', '', '2016-05-22 21:58:15', '2016-05-22 21:58:15'),
(739, 24, 'ILDENIRA RIBEIRO ROCHA', '02255819309', '', '2016-05-22 21:58:15', '2016-05-22 21:58:15'),
(740, 24, 'CELIA ARAUJO DE SOUSA', '00190935359', '', '2016-05-22 21:58:15', '2016-05-22 21:58:15'),
(741, 24, 'CLAUDIANA RODRIGUES MACHADO', '00923004300', '', '2016-05-22 21:58:15', '2016-05-22 21:58:15'),
(742, 24, 'MARIA  LEIDIANE ABREU MARTINS PIMENTEL', '01076635385', '', '2016-05-22 21:58:15', '2016-05-22 21:58:15'),
(743, 24, 'CRISTIANO RIBEIRO DE SOUSA', '04614861300', '', '2016-05-22 21:58:15', '2016-05-22 21:58:15'),
(744, 24, 'SORAIA PEREIRA DA SILVA', '05460086310', '', '2016-05-22 21:58:15', '2016-05-22 21:58:15'),
(745, 24, 'JOICELENE SILVA DOS SANTOS', '05184303324', '', '2016-05-22 21:58:15', '2016-05-22 21:58:15'),
(746, 24, 'EITACIANE SANTANA BEZERRA', '04278661380', '', '2016-05-22 21:58:15', '2016-05-22 21:58:15'),
(747, 24, 'LETICIA MARTINS BANDEIRA', '05027945345', '', '2016-05-22 21:58:15', '2016-05-22 21:58:15'),
(748, 24, 'EVA DOS SANTOS BARROS', '03618092393', '', '2016-05-22 21:58:15', '2016-05-22 21:58:15'),
(749, 24, 'MARIA DIVINA COUTINHO DOS SANTOS', '81858396387', '', '2016-05-22 21:58:15', '2016-05-22 21:58:15'),
(750, 24, 'EGIVANDO GOMES ROCHA', '00476850347', '', '2016-05-22 21:58:16', '2016-05-22 21:58:16'),
(751, 24, 'LUCIANA MARIA DE LUCENA', '33150544874', '', '2016-05-22 21:58:16', '2016-05-22 21:58:16'),
(752, 24, 'MARIA ELENICE MARTINS FERREIRA', '01076634303', '', '2016-05-22 21:58:16', '2016-05-22 21:58:16'),
(753, 24, 'LUSINETE PEREIRA DE MIRANDA', '95117210387', '', '2016-05-22 21:58:16', '2016-05-22 21:58:16'),
(754, 24, 'MARIA ARLETE RODRIGUES DOS SANTOS', '85035777391', '', '2016-05-22 21:58:16', '2016-05-22 21:58:16'),
(755, 24, 'JACIRENE RODRIGUES MARTINS', '85018120304', '', '2016-05-22 21:58:16', '2016-05-22 21:58:16'),
(756, 24, 'SUEILA MARIA ABREU BARROS', '82256993353', '', '2016-05-22 21:58:16', '2016-05-22 21:58:16'),
(757, 24, 'ZELMA MARIA BARROS DA SILVA', '85977756372', '', '2016-05-22 21:58:16', '2016-05-22 21:58:16'),
(758, 24, 'MEIRIVANE ROCHA BANDEIRA DE ASSIS', '82240710306', '', '2016-05-22 21:58:16', '2016-05-22 21:58:16'),
(759, 24, 'MARIA SONIA SOUSA BEZERRA BARROS', '81411421353', '', '2016-05-22 21:58:16', '2016-05-22 21:58:16'),
(760, 24, 'RAIMUNDA GOMES BARROS', '92042880353', '', '2016-05-22 21:58:16', '2016-05-22 21:58:16'),
(761, 24, 'ANTONIA ELIZANGELA DE JESUS LOURA', '62169572368', '', '2016-05-22 21:58:16', '2016-05-22 21:58:16'),
(762, 24, 'VALQUIRIA PIMENTEL DA SILVA', '95774890368', '', '2016-05-22 21:58:16', '2016-05-22 21:58:16'),
(763, 24, 'JOSEFA MELO FERREIRA DIAS', '74119192172', '', '2016-05-22 21:58:16', '2016-05-22 21:58:16'),
(764, 24, 'MARLEIA SANTOS FEITOSA', '05350550306', '', '2016-05-22 21:58:16', '2016-05-22 21:58:16'),
(765, 24, 'VANDERLEIA  DE ABREU BARROS', '91670713334', '', '2016-05-22 21:58:16', '2016-05-22 21:58:16'),
(766, 24, 'SIMONE MACHADO DOS SANTOS', '95731032300', '', '2016-05-22 21:58:16', '2016-05-22 21:58:16'),
(767, 24, 'MARIA RAIMUNDA RESPLANDE DA SILVA', '84213280349', '', '2016-05-22 21:58:16', '2016-05-22 21:58:16'),
(768, 24, 'LUISA INES ABREU MARTINS DE ALMEIDA', '01076636357', '', '2016-05-22 21:58:16', '2016-05-22 21:58:16'),
(769, 24, 'MARIA LENY PEREIRA DE CASTRO', '85682993349', '', '2016-05-22 21:58:16', '2016-05-22 21:58:16'),
(770, 24, 'ARLEANE FONSECA BELEM', '97384410304', '', '2016-05-22 21:58:16', '2016-05-22 21:58:16'),
(771, 24, 'ANA CAROLINA BEZERRA DE SOUSA', '02174848325', '', '2016-05-22 21:58:16', '2016-05-22 21:58:16'),
(772, 24, 'OSVALDINA  LOPES SILVA', '69472858368', '', '2016-05-22 21:58:16', '2016-05-22 21:58:16'),
(773, 24, 'JOANA SOUSA  DA SILVA', '02486650300', '', '2016-05-22 21:58:16', '2016-05-22 21:58:16'),
(774, 24, 'DENISE GOMES CANTANHEDE', '00969743386', '', '2016-05-22 21:58:16', '2016-05-22 21:58:16'),
(775, 24, 'ELIETE DOS SANTOS SANTANA', '57669090391', '', '2016-05-22 21:58:16', '2016-05-22 21:58:16'),
(776, 24, 'CARMITA DE MIRANDA BANDEIRA', '03987580348', '', '2016-05-22 21:58:16', '2016-05-22 21:58:16'),
(777, 25, 'VILENE MARIA FERREIRA DE PAULA', '75427044353', '', '2016-05-22 21:58:16', '2016-05-22 21:58:16'),
(778, 25, 'WDESLEIA BATISTA DASILVA', '04412921190', '', '2016-05-22 21:58:16', '2016-05-22 21:58:16'),
(779, 25, 'OSMARIA DO ESPIRITO SANTOS SILVA', '62377647120', '', '2016-05-22 21:58:16', '2016-05-22 21:58:16'),
(780, 25, 'SARA POLIANE DE BRITO OLIVEIRA', '01783778300', '', '2016-05-22 21:58:16', '2016-05-22 21:58:16'),
(781, 25, 'VALDENILTON LOPES CAVALCANTE', '75975114349', '', '2016-05-22 21:58:16', '2016-05-22 21:58:16'),
(782, 25, 'AUEDILA PINHEIRO', '01902773357', '', '2016-05-22 21:58:17', '2016-05-22 21:58:17'),
(783, 25, 'SANDRA DE OLIVEIRA SANCHES', '48726257300', '', '2016-05-22 21:58:17', '2016-05-22 21:58:17'),
(784, 25, 'JAKELINE PATRICIA T SILVA', '64934870300', '', '2016-05-22 21:58:17', '2016-05-22 21:58:17'),
(785, 25, 'SEBASTIANA CELIA PEREIRA DE ARAUJO ', '40292550359', '', '2016-05-22 21:58:17', '2016-05-22 21:58:17'),
(786, 25, 'SUANNARA FARIAS O DE CARVALHO', '02295730376', '', '2016-05-22 21:58:17', '2016-05-22 21:58:17'),
(787, 25, 'VERONICA MONTEIRO BANDEIRA', '88365930382', '', '2016-05-22 21:58:17', '2016-05-22 21:58:17'),
(788, 25, 'FRANCISCA EDILEUZA TAVARES DA SILVA', '63596512387', '', '2016-05-22 21:58:17', '2016-05-22 21:58:17'),
(789, 25, 'SHIRLEY CRUZ GOMES ', '67306683349', '', '2016-05-22 21:58:17', '2016-05-22 21:58:17'),
(790, 25, 'MARCIA CARDOSO REGO SILVA', '03583425383', '', '2016-05-22 21:58:17', '2016-05-22 21:58:17'),
(791, 25, 'ERIKA SALES BEZERRA', '01380030331', '', '2016-05-22 21:58:17', '2016-05-22 21:58:17'),
(792, 25, 'EDELMARA MENESES RODRIGUES', '01896751369', '', '2016-05-22 21:58:17', '2016-05-22 21:58:17'),
(793, 25, 'ESTELA BANDEIRA MELO', '97725196315', '', '2016-05-22 21:58:17', '2016-05-22 21:58:17'),
(794, 25, 'SILVIA SANTOS DE SOUSA', '02472819307', '', '2016-05-22 21:58:17', '2016-05-22 21:58:17'),
(795, 25, 'LUCIANA MENDES BRAGA', '64449734300', '', '2016-05-22 21:58:17', '2016-05-22 21:58:17'),
(796, 25, 'ALBERLENE SALES SILVA', '02692128338', '', '2016-05-22 21:58:17', '2016-05-22 21:58:17'),
(797, 25, 'ELENILSON ALVES GOMES', '01346807310', '', '2016-05-22 21:58:17', '2016-05-22 21:58:17'),
(798, 25, 'EDILEUSA VIDAL DE BRITO', '72293985334', '', '2016-05-22 21:58:17', '2016-05-22 21:58:17'),
(799, 25, 'DEUSA MARIA RABELO COSTA', '47622997315', '', '2016-05-22 21:58:17', '2016-05-22 21:58:17'),
(800, 25, 'FLAEDNA LIMA LUZ', '98505831349', '', '2016-05-22 21:58:17', '2016-05-22 21:58:17'),
(801, 25, 'BRUNA MORAIS DE MOURA', '02501224302', '', '2016-05-22 21:58:17', '2016-05-22 21:58:17'),
(802, 25, 'KATIUSCIA  DA COSTA', '09232391708', '', '2016-05-22 21:58:17', '2016-05-22 21:58:17'),
(803, 25, 'MARCIA MIRANDA F DIAS', '01881407195', '', '2016-05-22 21:58:17', '2016-05-22 21:58:17'),
(804, 25, 'ROZANA SANTOS SOUSA', '03068984386', '', '2016-05-22 21:58:17', '2016-05-22 21:58:17'),
(805, 25, 'GERLAN SOUSA DA COSTA', '05910990390', '', '2016-05-22 21:58:17', '2016-05-22 21:58:17'),
(806, 25, 'MARIA DAS GRACAS DA SILVA CONCEICAO', '62042246387', '', '2016-05-22 21:58:17', '2016-05-22 21:58:17'),
(807, 25, 'TANIA LOPES DOS SANTOS', '00643526331', '', '2016-05-22 21:58:17', '2016-05-22 21:58:17'),
(808, 25, 'DANIEL COSTA', '55121411391', '', '2016-05-22 21:58:17', '2016-05-22 21:58:17'),
(809, 25, 'JESSICA MIKAELY ALVES DASILVA', '09537835456', '', '2016-05-22 21:58:17', '2016-05-22 21:58:17'),
(810, 25, 'CACILDA DE SOUSA REIS', '14749084387', '', '2016-05-22 21:58:17', '2016-05-22 21:58:17'),
(811, 25, 'ELIANA CARDOSO DE OLIVEIRA', '05911021374', '', '2016-05-22 21:58:17', '2016-05-22 21:58:17'),
(812, 25, 'JAYLENE DAMACENO SILVA', '04040486331', '', '2016-05-22 21:58:17', '2016-05-22 21:58:17'),
(813, 25, 'MARIA GORETE BATISTA', '15850234349', '', '2016-05-22 21:58:17', '2016-05-22 21:58:17'),
(814, 25, 'DANIEL CONCEICAO NASCIMENTO', '00271495367', '', '2016-05-22 21:58:17', '2016-05-22 21:58:17'),
(815, 25, 'SIMONIA SOUSA B DE OLIVEIRA', '61556009372', '', '2016-05-22 21:58:17', '2016-05-22 21:58:17'),
(816, 25, 'RAQUEL SILVA DOS SANTOS', '00620120371', '', '2016-05-22 21:58:18', '2016-05-22 21:58:18'),
(817, 25, 'DANIELA MARIA B PEREIRA', '22469605334', '', '2016-05-22 21:58:18', '2016-05-22 21:58:18'),
(818, 25, 'ADRIANA DOS S OLIVEIRA', '01155289382', '', '2016-05-22 21:58:18', '2016-05-22 21:58:18'),
(819, 25, 'LETICIA R BANDEIRA', '67317162353', '', '2016-05-22 21:58:18', '2016-05-22 21:58:18'),
(820, 25, 'ANTONIA SOUSA SILVA', '60191542385', '', '2016-05-22 21:58:18', '2016-05-22 21:58:18'),
(821, 25, 'WILIANN RIBEIRO SILVA', '60018673309', '', '2016-05-22 21:58:18', '2016-05-22 21:58:18'),
(822, 25, 'CRISTIANE DOS ANJOS CORREA', '00714697370', '', '2016-05-22 21:58:18', '2016-05-22 21:58:18'),
(823, 25, 'ERNESTO FRANCA DOS REIS', '94257566353', '', '2016-05-22 21:58:18', '2016-05-22 21:58:18'),
(824, 25, 'ALDYNAMARA LAMARQUES SOUSA', '03500231314', '', '2016-05-22 21:58:18', '2016-05-22 21:58:18'),
(825, 25, 'LILIA ALVES DE ARAUJO SANTOS', '04858215326', '', '2016-05-22 21:58:18', '2016-05-22 21:58:18'),
(826, 25, 'ANTONIO MARCOS LEMOS SANTOS', '03430479347', '', '2016-05-22 21:58:18', '2016-05-22 21:58:18'),
(827, 25, 'DULCE MOREIRA DUARTE', '25317377315', '', '2016-05-22 21:58:18', '2016-05-22 21:58:18'),
(828, 25, 'NEIDE MARIA DE O FARIAS', '32900570387', '', '2016-05-22 21:58:18', '2016-05-22 21:58:18'),
(829, 25, 'LUCIANA SILVA DOS SANTOS', '00256649308', '', '2016-05-22 21:58:18', '2016-05-22 21:58:18'),
(830, 25, 'SARA GABRIELASILVA', '01808719190', '', '2016-05-22 21:58:18', '2016-05-22 21:58:18'),
(831, 25, 'LEIDILANDIA OLIVEIRA LIMA', '01723270326', '', '2016-05-22 21:58:18', '2016-05-22 21:58:18'),
(832, 25, 'SOLANGE GUIMARAES DE SOUSA BRANDAO', '58593098304', '', '2016-05-22 21:58:18', '2016-05-22 21:58:18'),
(833, 25, 'IRISMAR NASCIMENTO MARTINS', '48769690359', '', '2016-05-22 21:58:18', '2016-05-22 21:58:18'),
(834, 25, 'ANDREA SILVA DE CASTRO', '02183155388', '', '2016-05-22 21:58:18', '2016-05-22 21:58:18'),
(835, 25, 'MARIA JULIA GOMES DE PAIVA', '34577874334', '', '2016-05-22 21:58:18', '2016-05-22 21:58:18'),
(836, 25, 'CAROLINEA BATISTA DE OLIVEIRA', '02720652342', '', '2016-05-22 21:58:18', '2016-05-22 21:58:18'),
(837, 25, 'IZABEL CRISTINA LEAL DA SILVA', '87543621304', '', '2016-05-22 21:58:18', '2016-05-22 21:58:18'),
(838, 25, 'CONCITA CONCEICAO DE MARIA M DUARTE', '40168883368', '', '2016-05-22 21:58:18', '2016-05-22 21:58:18'),
(839, 25, 'MATUZALEM SOARES DA COSTA', '02379602301', '', '2016-05-22 21:58:18', '2016-05-22 21:58:18'),
(840, 25, 'VANDA LUCIA KURSTEN', '44574649372', '', '2016-05-22 21:58:18', '2016-05-22 21:58:18'),
(841, 26, 'ARINETE DE ALMEIDA FERREIRA', '34329803372', '', '2016-05-22 21:58:18', '2016-05-22 21:58:18'),
(842, 26, 'DOMINGOS SOUSA SA', '70318379368', '', '2016-05-22 21:58:18', '2016-05-22 21:58:18'),
(843, 26, 'MARQUEANE ALVES DA COSTA', '60210482370', '', '2016-05-22 21:58:18', '2016-05-22 21:58:18'),
(844, 26, 'SHEILA BRAGA LIMA', '01345600356', '', '2016-05-22 21:58:18', '2016-05-22 21:58:18'),
(845, 26, 'EVNILDA PEREIRA DE MELO ', '03592349333', '', '2016-05-22 21:58:18', '2016-05-22 21:58:18'),
(846, 26, 'PERINA FERNANDES PEREIRA SA', '84930276349', '', '2016-05-22 21:58:18', '2016-05-22 21:58:18'),
(847, 26, 'ANA LUCIA SANTOS DE SOUSA', '85935018349', '', '2016-05-22 21:58:18', '2016-05-22 21:58:18');

-- --------------------------------------------------------

--
-- Estrutura da tabela `curso`
--

CREATE TABLE `curso` (
  `id` int(10) UNSIGNED NOT NULL,
  `cur_nome` varchar(255) COLLATE utf8_unicode_ci NOT NULL,
  `cur_area` varchar(255) COLLATE utf8_unicode_ci NOT NULL,
  `created_at` timestamp NULL DEFAULT NULL,
  `updated_at` timestamp NULL DEFAULT NULL
) ENGINE=InnoDB DEFAULT CHARSET=utf8 COLLATE=utf8_unicode_ci;

--
-- Extraindo dados da tabela `curso`
--

INSERT INTO `curso` (`id`, `cur_nome`, `cur_area`, `created_at`, `updated_at`) VALUES
(1, 'Pós-Graduação', 'Geral', '2016-05-22 21:57:51', '2016-05-22 21:57:51'),
(2, 'Curso Livre', 'Geral', '2016-05-22 21:57:51', '2016-05-22 21:57:51'),
(3, 'Ensino Médio', 'Geral', '2016-05-22 21:57:51', '2016-05-22 21:57:51'),
(4, 'Complementação', 'Geral', '2016-05-22 21:57:51', '2016-05-22 21:57:51'),
(5, 'Independente', 'Geral', '2016-05-22 21:57:51', '2016-05-22 21:57:51');

-- --------------------------------------------------------

--
-- Estrutura da tabela `mensalidade`
--

CREATE TABLE `mensalidade` (
  `id` int(10) UNSIGNED NOT NULL,
  `mes_alu_id` int(10) UNSIGNED NOT NULL,
  `mes_num` int(11) NOT NULL,
  `mes_valor` decimal(10,2) NOT NULL,
  `mes_data_venc` date NOT NULL,
  `mes_status` varchar(255) COLLATE utf8_unicode_ci NOT NULL DEFAULT 'Aguardando Pagamento',
  `created_at` timestamp NULL DEFAULT NULL,
  `updated_at` timestamp NULL DEFAULT NULL
) ENGINE=InnoDB DEFAULT CHARSET=utf8 COLLATE=utf8_unicode_ci;

-- --------------------------------------------------------

--
-- Estrutura da tabela `migrations`
--

CREATE TABLE `migrations` (
  `migration` varchar(255) COLLATE utf8_unicode_ci NOT NULL,
  `batch` int(11) NOT NULL
) ENGINE=InnoDB DEFAULT CHARSET=utf8 COLLATE=utf8_unicode_ci;

--
-- Extraindo dados da tabela `migrations`
--

INSERT INTO `migrations` (`migration`, `batch`) VALUES
('2014_10_12_000000_create_users_table', 1),
('2014_10_12_100000_create_password_resets_table', 1),
('2016_02_04_184003_create_polo_table', 1),
('2016_02_04_184108_create_curso_table', 1),
('2016_02_04_184415_create_turma_table', 1),
('2016_02_04_184835_create_aluno_table', 1),
('2016_02_04_185146_create_mensalidade_table', 1),
('2016_02_04_185425_create_pagamento_table', 1),
('2016_02_18_195944_CreateTriggerInsPagto', 1);

-- --------------------------------------------------------

--
-- Estrutura da tabela `pagamento`
--

CREATE TABLE `pagamento` (
  `id` int(10) UNSIGNED NOT NULL,
  `pag_mes_id` int(10) UNSIGNED NOT NULL,
  `pag_data` date NOT NULL,
  `pag_hora` time NOT NULL,
  `pag_lote` varchar(15) COLLATE utf8_unicode_ci NOT NULL,
  `pag_terminal` varchar(45) COLLATE utf8_unicode_ci NOT NULL,
  `pag_cod_barras` varchar(155) COLLATE utf8_unicode_ci NOT NULL,
  `pag_data_venc` date NOT NULL,
  `pag_valor` decimal(10,2) NOT NULL,
  `created_at` timestamp NULL DEFAULT NULL,
  `updated_at` timestamp NULL DEFAULT NULL
) ENGINE=InnoDB DEFAULT CHARSET=utf8 COLLATE=utf8_unicode_ci;

--
-- Acionadores `pagamento`
--
DELIMITER $$
CREATE TRIGGER `tr_Update_Mensalidade_Apos_Pagamento` AFTER INSERT ON `pagamento` FOR EACH ROW BEGIN
         UPDATE mensalidade SET mes_status="Pago" WHERE id=NEW.pag_mes_id;
        END
$$
DELIMITER ;

-- --------------------------------------------------------

--
-- Estrutura da tabela `password_resets`
--

CREATE TABLE `password_resets` (
  `email` varchar(255) COLLATE utf8_unicode_ci NOT NULL,
  `token` varchar(255) COLLATE utf8_unicode_ci NOT NULL,
  `created_at` timestamp NOT NULL DEFAULT CURRENT_TIMESTAMP ON UPDATE CURRENT_TIMESTAMP
) ENGINE=InnoDB DEFAULT CHARSET=utf8 COLLATE=utf8_unicode_ci;

-- --------------------------------------------------------

--
-- Estrutura da tabela `polo`
--

CREATE TABLE `polo` (
  `id` int(10) UNSIGNED NOT NULL,
  `pol_nome` varchar(255) COLLATE utf8_unicode_ci NOT NULL,
  `created_at` timestamp NULL DEFAULT NULL,
  `updated_at` timestamp NULL DEFAULT NULL
) ENGINE=InnoDB DEFAULT CHARSET=utf8 COLLATE=utf8_unicode_ci;

--
-- Extraindo dados da tabela `polo`
--

INSERT INTO `polo` (`id`, `pol_nome`, `created_at`, `updated_at`) VALUES
(1, 'IMPERATRIZ-MA', '2016-05-22 21:57:51', '2016-05-22 21:57:51'),
(2, 'GRAJAÚ-MA', '2016-05-22 21:57:51', '2016-05-22 21:57:51'),
(3, 'COCOS-MA', '2016-05-22 21:57:51', '2016-05-22 21:57:51'),
(4, 'PASSAGEM BOA-MA', '2016-05-22 21:57:52', '2016-05-22 21:57:52'),
(5, 'LAJEADO-MA', '2016-05-22 21:57:52', '2016-05-22 21:57:52'),
(6, 'SITIO NOVO-MA', '2016-05-22 21:57:52', '2016-05-22 21:57:52'),
(7, 'BREJÃO-MA', '2016-05-22 21:57:52', '2016-05-22 21:57:52');

-- --------------------------------------------------------

--
-- Estrutura da tabela `turma`
--

CREATE TABLE `turma` (
  `id` int(10) UNSIGNED NOT NULL,
  `tur_cur_id` int(10) UNSIGNED NOT NULL,
  `cur_pol_id` int(10) UNSIGNED NOT NULL,
  `tur_nome` varchar(255) COLLATE utf8_unicode_ci NOT NULL,
  `tur_data_inicio` date NOT NULL,
  `created_at` timestamp NULL DEFAULT NULL,
  `updated_at` timestamp NULL DEFAULT NULL
) ENGINE=InnoDB DEFAULT CHARSET=utf8 COLLATE=utf8_unicode_ci;

--
-- Extraindo dados da tabela `turma`
--

INSERT INTO `turma` (`id`, `tur_cur_id`, `cur_pol_id`, `tur_nome`, `tur_data_inicio`, `created_at`, `updated_at`) VALUES
(1, 2, 5, 'ADMINISTRAÇÃO LAJEADO-MA', '2014-01-03', '2016-05-22 21:57:52', '2016-05-22 21:57:52'),
(2, 4, 1, 'COMPLEMENTAÇÃO E', '2014-01-03', '2016-05-22 21:57:52', '2016-05-22 21:57:52'),
(3, 4, 1, 'COMPLEMENTAÇÃO F', '2014-01-03', '2016-05-22 21:57:52', '2016-05-22 21:57:52'),
(4, 1, 1, 'PÓS-GRADUAÇÃO H', '2014-01-03', '2016-05-22 21:57:52', '2016-05-22 21:57:52'),
(5, 2, 3, 'PEDAGOGIA COCOS', '2014-01-03', '2016-05-22 21:57:52', '2016-05-22 21:57:52'),
(6, 2, 1, 'SERVIÇO SOCIAL B', '2014-01-03', '2016-05-22 21:57:52', '2016-05-22 21:57:52'),
(7, 2, 1, 'SERVIÇO SOCIAL A', '2014-01-03', '2016-05-22 21:57:52', '2016-05-22 21:57:52'),
(8, 2, 4, 'PEDAGOGIA PASSAG.', '2014-01-03', '2016-05-22 21:57:52', '2016-05-22 21:57:52'),
(9, 2, 1, 'PEDAGOGIA H', '2014-01-03', '2016-05-22 21:57:52', '2016-05-22 21:57:52'),
(10, 1, 1, 'PÓS-GRADUAÇÃO I', '2014-01-03', '2016-05-22 21:57:52', '2016-05-22 21:57:52'),
(11, 2, 2, 'EDUCAÇÃO GRAJAÚ-MA', '2014-01-03', '2016-05-22 21:57:52', '2016-05-22 21:57:52'),
(12, 2, 2, 'PEDAGOGIA GRAJAÚ A', '2014-01-03', '2016-05-22 21:57:52', '2016-05-22 21:57:52'),
(13, 2, 2, 'PEDAGOGIA GRAJAÚ B', '2014-01-03', '2016-05-22 21:57:52', '2016-05-22 21:57:52'),
(14, 2, 2, 'PEDAGOGIA GRAJAÚ C', '2014-01-03', '2016-05-22 21:57:52', '2016-05-22 21:57:52'),
(15, 2, 2, 'SERVIÇO SOCIAL GRAJAÚ', '2014-01-03', '2016-05-22 21:57:52', '2016-05-22 21:57:52'),
(16, 1, 1, 'PÓS-GRADUAÇÃO A 2016', '2014-01-03', '2016-05-22 21:57:52', '2016-05-22 21:57:52'),
(17, 2, 6, 'PEDAGOGIA SÍTIO NOVO', '2014-01-03', '2016-05-22 21:57:52', '2016-05-22 21:57:52'),
(18, 2, 1, 'PEDAGOGIA I', '2014-01-03', '2016-05-22 21:57:52', '2016-05-22 21:57:52'),
(19, 1, 1, 'PÓS-GRADUAÇÃO B 2015', '2015-07-03', '2016-05-22 21:57:52', '2016-05-22 21:57:52'),
(20, 3, 1, 'ENSINO MÉDIO', '2014-01-03', '2016-05-22 21:57:53', '2016-05-22 21:57:53'),
(21, 5, 1, 'INDEPENDENTE', '2014-01-03', '2016-05-22 21:57:53', '2016-05-22 21:57:53'),
(22, 2, 1, 'PEDAGOGIA A 2015', '2015-01-03', '2016-05-22 21:57:53', '2016-05-22 21:57:53'),
(23, 2, 7, 'PEDAGOGIA BREJÃO', '2014-01-03', '2016-05-22 21:57:53', '2016-05-22 21:57:53'),
(24, 2, 5, 'PEDAGOGIA LAJEADO', '2014-01-03', '2016-05-22 21:57:53', '2016-05-22 21:57:53'),
(25, 1, 1, 'PÓS-GRADUAÇÃO A 2015', '2015-01-03', '2016-05-22 21:57:53', '2016-05-22 21:57:53'),
(26, 1, 3, 'PÓS-GRADUAÇÃO COCOS', '2015-01-03', '2016-05-22 21:57:53', '2016-05-22 21:57:53');

-- --------------------------------------------------------

--
-- Estrutura da tabela `users`
--

CREATE TABLE `users` (
  `id` int(10) UNSIGNED NOT NULL,
  `name` varchar(255) COLLATE utf8_unicode_ci NOT NULL,
  `email` varchar(255) COLLATE utf8_unicode_ci NOT NULL,
  `password` varchar(60) COLLATE utf8_unicode_ci NOT NULL,
  `remember_token` varchar(100) COLLATE utf8_unicode_ci DEFAULT NULL,
  `created_at` timestamp NULL DEFAULT NULL,
  `updated_at` timestamp NULL DEFAULT NULL
) ENGINE=InnoDB DEFAULT CHARSET=utf8 COLLATE=utf8_unicode_ci;

--
-- Extraindo dados da tabela `users`
--

INSERT INTO `users` (`id`, `name`, `email`, `password`, `remember_token`, `created_at`, `updated_at`) VALUES
(1, 'frank', 'frank_81santos@hotmail.com', '$2y$10$cC22Uw7.zOOBxpvp5xYDNuisrg2NQSIgoE8h4lelu5znq/ddsTqT6', 'HBwyUqfF1aaSQ8zsqzdS5Fx3EJPtwgCd89CwYL6dluUZPEpZSnKu3G8GAHTV', '2016-05-22 21:57:50', '2016-05-22 22:04:42'),
(2, 'Selma Barros', 'selma.barros8080@hotmail.com', '$2y$10$ei2KD383trCpf.ylo.m1S.WEr5V/9L1PLj52JeMLQPcz47xlx6Yc2', NULL, '2016-05-22 21:57:50', '2016-05-22 21:57:50'),
(3, 'Marcilene', 'iespima@iespima.com.br', '$2y$10$7JTtOlZ79RIoPuO9/vZ6jegL7sSNarj/Qj/YKeIx0iFVfBC7HNCDq', NULL, '2016-05-22 21:57:51', '2016-05-22 21:57:51'),
(4, 'Suelen', 'frank@viasistemasweb.com.br', '$2y$10$2f4hgoeTsCHDYAfk29/lKeVCBkMmgH7W9sxinpLhTiqcNJckupHsi', NULL, '2016-05-22 21:57:51', '2016-05-22 21:57:51');

--
-- Indexes for dumped tables
--

--
-- Indexes for table `aluno`
--
ALTER TABLE `aluno`
  ADD PRIMARY KEY (`id`),
  ADD UNIQUE KEY `aluno_alu_cpf_unique` (`alu_cpf`),
  ADD KEY `aluno_alu_tur_id_foreign` (`alu_tur_id`);

--
-- Indexes for table `curso`
--
ALTER TABLE `curso`
  ADD PRIMARY KEY (`id`);

--
-- Indexes for table `mensalidade`
--
ALTER TABLE `mensalidade`
  ADD PRIMARY KEY (`id`),
  ADD KEY `mensalidade_mes_alu_id_foreign` (`mes_alu_id`);

--
-- Indexes for table `pagamento`
--
ALTER TABLE `pagamento`
  ADD PRIMARY KEY (`id`),
  ADD UNIQUE KEY `pagamento_pag_mes_id_unique` (`pag_mes_id`),
  ADD UNIQUE KEY `pagamento_pag_cod_barras_unique` (`pag_cod_barras`);

--
-- Indexes for table `password_resets`
--
ALTER TABLE `password_resets`
  ADD KEY `password_resets_email_index` (`email`),
  ADD KEY `password_resets_token_index` (`token`);

--
-- Indexes for table `polo`
--
ALTER TABLE `polo`
  ADD PRIMARY KEY (`id`);

--
-- Indexes for table `turma`
--
ALTER TABLE `turma`
  ADD PRIMARY KEY (`id`),
  ADD KEY `turma_tur_cur_id_foreign` (`tur_cur_id`),
  ADD KEY `turma_cur_pol_id_foreign` (`cur_pol_id`);

--
-- Indexes for table `users`
--
ALTER TABLE `users`
  ADD PRIMARY KEY (`id`),
  ADD UNIQUE KEY `users_email_unique` (`email`);

--
-- AUTO_INCREMENT for dumped tables
--

--
-- AUTO_INCREMENT for table `aluno`
--
ALTER TABLE `aluno`
  MODIFY `id` int(10) UNSIGNED NOT NULL AUTO_INCREMENT, AUTO_INCREMENT=848;
--
-- AUTO_INCREMENT for table `curso`
--
ALTER TABLE `curso`
  MODIFY `id` int(10) UNSIGNED NOT NULL AUTO_INCREMENT, AUTO_INCREMENT=6;
--
-- AUTO_INCREMENT for table `mensalidade`
--
ALTER TABLE `mensalidade`
  MODIFY `id` int(10) UNSIGNED NOT NULL AUTO_INCREMENT;
--
-- AUTO_INCREMENT for table `pagamento`
--
ALTER TABLE `pagamento`
  MODIFY `id` int(10) UNSIGNED NOT NULL AUTO_INCREMENT;
--
-- AUTO_INCREMENT for table `polo`
--
ALTER TABLE `polo`
  MODIFY `id` int(10) UNSIGNED NOT NULL AUTO_INCREMENT, AUTO_INCREMENT=8;
--
-- AUTO_INCREMENT for table `turma`
--
ALTER TABLE `turma`
  MODIFY `id` int(10) UNSIGNED NOT NULL AUTO_INCREMENT, AUTO_INCREMENT=27;
--
-- AUTO_INCREMENT for table `users`
--
ALTER TABLE `users`
  MODIFY `id` int(10) UNSIGNED NOT NULL AUTO_INCREMENT, AUTO_INCREMENT=5;
--
-- Constraints for dumped tables
--

--
-- Limitadores para a tabela `aluno`
--
ALTER TABLE `aluno`
  ADD CONSTRAINT `aluno_alu_tur_id_foreign` FOREIGN KEY (`alu_tur_id`) REFERENCES `turma` (`id`) ON DELETE CASCADE;

--
-- Limitadores para a tabela `mensalidade`
--
ALTER TABLE `mensalidade`
  ADD CONSTRAINT `mensalidade_mes_alu_id_foreign` FOREIGN KEY (`mes_alu_id`) REFERENCES `aluno` (`id`) ON DELETE CASCADE;

--
-- Limitadores para a tabela `pagamento`
--
ALTER TABLE `pagamento`
  ADD CONSTRAINT `pagamento_pag_mes_id_foreign` FOREIGN KEY (`pag_mes_id`) REFERENCES `mensalidade` (`id`) ON DELETE CASCADE;

--
-- Limitadores para a tabela `turma`
--
ALTER TABLE `turma`
  ADD CONSTRAINT `turma_cur_pol_id_foreign` FOREIGN KEY (`cur_pol_id`) REFERENCES `polo` (`id`) ON DELETE CASCADE,
  ADD CONSTRAINT `turma_tur_cur_id_foreign` FOREIGN KEY (`tur_cur_id`) REFERENCES `curso` (`id`) ON DELETE CASCADE;

/*!40101 SET CHARACTER_SET_CLIENT=@OLD_CHARACTER_SET_CLIENT */;
/*!40101 SET CHARACTER_SET_RESULTS=@OLD_CHARACTER_SET_RESULTS */;
/*!40101 SET COLLATION_CONNECTION=@OLD_COLLATION_CONNECTION */;
